id,title,url
hrujc5,[2020-07-15] Challenge #385 [Intermediate] The Almost Impossible Chessboard Puzzle,https://www.reddit.com/r/dailyprogrammer/comments/hrujc5/20200715_challenge_385_intermediate_the_almost/
g1xrun,[2020-04-15] Challenge #384 [Intermediate] Necklace counting,https://www.reddit.com/r/dailyprogrammer/comments/g1xrun/20200415_challenge_384_intermediate_necklace/
ffxabb,[2020-03-09] Challenge #383 [Easy] Necklace matching,https://www.reddit.com/r/dailyprogrammer/comments/ffxabb/20200309_challenge_383_easy_necklace_matching/
etf0al,[2020-01-24] Challenge #382 [Hard] Crossword grids,https://www.reddit.com/r/dailyprogrammer/comments/etf0al/20200124_challenge_382_hard_crossword_grids/
dv0231,[2019-11-11] Challenge #381 [Easy] Yahtzee Upper Section Scoring,https://www.reddit.com/r/dailyprogrammer/comments/dv0231/20191111_challenge_381_easy_yahtzee_upper_section/
co5i4t,[2019-08-09] Challenge #380 [Hard] Smooshed Morse Code 3,https://www.reddit.com/r/dailyprogrammer/comments/co5i4t/20190809_challenge_380_hard_smooshed_morse_code_3/
cn6gz5,[2019-08-07] Challenge #380 [Intermediate] Smooshed Morse Code 2,https://www.reddit.com/r/dailyprogrammer/comments/cn6gz5/20190807_challenge_380_intermediate_smooshed/
cmd1hb,[2019-08-05] Challenge #380 [Easy] Smooshed Morse Code 1,https://www.reddit.com/r/dailyprogrammer/comments/cmd1hb/20190805_challenge_380_easy_smooshed_morse_code_1/
cdieag,[2019-07-15] Challenge #379 [Easy] Progressive taxation,https://www.reddit.com/r/dailyprogrammer/comments/cdieag/20190715_challenge_379_easy_progressive_taxation/
bqy1cf,[2019-05-20] Challenge #378 [Easy] The Havel-Hakimi algorithm for graph realization,https://www.reddit.com/r/dailyprogrammer/comments/bqy1cf/20190520_challenge_378_easy_the_havelhakimi/
bazy5j,[2019-04-08] Challenge #377 [Easy] Axis-aligned crate packing,https://www.reddit.com/r/dailyprogrammer/comments/bazy5j/20190408_challenge_377_easy_axisaligned_crate/
b0nuoh,[2019-03-13] Challenge #376 [Intermediate] The Revised Julian Calendar,https://www.reddit.com/r/dailyprogrammer/comments/b0nuoh/20190313_challenge_376_intermediate_the_revised/
aqwvxo,[2019-02-15] Challenge #375 [Hard] Graph of Thrones,https://www.reddit.com/r/dailyprogrammer/comments/aqwvxo/20190215_challenge_375_hard_graph_of_thrones/
aq6gfy,[2019-02-13] Challenge #375 [Intermediate] A Card Flipping Game,https://www.reddit.com/r/dailyprogrammer/comments/aq6gfy/20190213_challenge_375_intermediate_a_card/
aphavc,[2019-02-11] Challenge #375 [Easy] Print a new number by adding one to each of its digit,https://www.reddit.com/r/dailyprogrammer/comments/aphavc/20190211_challenge_375_easy_print_a_new_number_by/
am1x6o,[2019-02-01] Challenge #374 [Hard] Nonogram Solver,https://www.reddit.com/r/dailyprogrammer/comments/am1x6o/20190201_challenge_374_hard_nonogram_solver/
aldexk,[2019-01-30] Challenge #374 [Intermediate] The Game of Blobs,https://www.reddit.com/r/dailyprogrammer/comments/aldexk/20190130_challenge_374_intermediate_the_game_of/
akv6z4,[2019-01-28] Challenge #374 [Easy] Additive Persistence,https://www.reddit.com/r/dailyprogrammer/comments/akv6z4/20190128_challenge_374_easy_additive_persistence/
ajunxe,[2019-01-25] Challenge #373 [Hard] Embeddable trees,https://www.reddit.com/r/dailyprogrammer/comments/ajunxe/20190125_challenge_373_hard_embeddable_trees/
afxxca,[2019-01-14] Challenge #372 [Easy] Perfectly balanced,https://www.reddit.com/r/dailyprogrammer/comments/afxxca/20190114_challenge_372_easy_perfectly_balanced/
ab9mn7,[2018-12-31] Challenge #371 [Easy] N queens validator,https://www.reddit.com/r/dailyprogrammer/comments/ab9mn7/20181231_challenge_371_easy_n_queens_validator/
a72sdj,[2018-12-17] Challenge #370 [Easy] UPC check digits,https://www.reddit.com/r/dailyprogrammer/comments/a72sdj/20181217_challenge_370_easy_upc_check_digits/
a0lhxx,[2018-11-26] Challenge #369 [Easy] Hex colors,https://www.reddit.com/r/dailyprogrammer/comments/a0lhxx/20181126_challenge_369_easy_hex_colors/
9z3mjk,[2018-11-21] Challenge #368 [Intermediate] Single-symbol squares,https://www.reddit.com/r/dailyprogrammer/comments/9z3mjk/20181121_challenge_368_intermediate_singlesymbol/
9dv08q,[2018-09-07] Challenge #367 [Hard] The Mondrian Puzzle,https://www.reddit.com/r/dailyprogrammer/comments/9dv08q/20180907_challenge_367_hard_the_mondrian_puzzle/
9cvo0f,[2018-09-04] Challenge #367 [Easy] Subfactorials - Another Twist on Factorials,https://www.reddit.com/r/dailyprogrammer/comments/9cvo0f/20180904_challenge_367_easy_subfactorials_another/
99yl83,[2018-08-24] Challenge #366 [Hard] Incomplete word ladders,https://www.reddit.com/r/dailyprogrammer/comments/99yl83/20180824_challenge_366_hard_incomplete_word/
99d24u,[2018-08-22] Challenge #366 [Intermediate] Word funnel 2,https://www.reddit.com/r/dailyprogrammer/comments/99d24u/20180822_challenge_366_intermediate_word_funnel_2/
98ufvz,[2018-08-20] Challenge #366 [Easy] Word funnel 1,https://www.reddit.com/r/dailyprogrammer/comments/98ufvz/20180820_challenge_366_easy_word_funnel_1/
8ylltu,[2018-07-13] Challenge #365 [Hard] Tessellations and Tilings,https://www.reddit.com/r/dailyprogrammer/comments/8ylltu/20180713_challenge_365_hard_tessellations_and/
8xzwl6,[2018-07-11] Challenge #365 [Intermediate] Sales Commissions,https://www.reddit.com/r/dailyprogrammer/comments/8xzwl6/20180711_challenge_365_intermediate_sales/
8xbxi9,[2018-07-09] Challenge #365 [Easy] Up-arrow Notation,https://www.reddit.com/r/dailyprogrammer/comments/8xbxi9/20180709_challenge_365_easy_uparrow_notation/
8t4440,[2018-06-22] Challenge #364 [Hard] Tiling with Pentominos,https://www.reddit.com/r/dailyprogrammer/comments/8t4440/20180622_challenge_364_hard_tiling_with_pentominos/
8sjcl0,[2018-06-20] Challenge #364 [Intermediate] The Ducci Sequence,https://www.reddit.com/r/dailyprogrammer/comments/8sjcl0/20180620_challenge_364_intermediate_the_ducci/
8s0cy1,[2018-06-18] Challenge #364 [Easy] Create a Dice Roller,https://www.reddit.com/r/dailyprogrammer/comments/8s0cy1/20180618_challenge_364_easy_create_a_dice_roller/
8rcjx0,[2018-06-15] Challenge #363 [Hard] Anagram Slices,https://www.reddit.com/r/dailyprogrammer/comments/8rcjx0/20180615_challenge_363_hard_anagram_slices/
8qxpqd,[2018-06-13] Challenge #363 [Intermediate] Word Hy-phen-a-tion By Com-put-er,https://www.reddit.com/r/dailyprogrammer/comments/8qxpqd/20180613_challenge_363_intermediate_word/
8q96da,[2018-06-11] Challenge #363 [Easy] I before E except after C,https://www.reddit.com/r/dailyprogrammer/comments/8q96da/20180611_challenge_363_easy_i_before_e_except/
8n8tog,"[2018-05-30] Challenge #362 [Intermediate] ""Route"" Transposition Cipher",https://www.reddit.com/r/dailyprogrammer/comments/8n8tog/20180530_challenge_362_intermediate_route/
8ked11,[2018-05-18] Challenge #361 [Hard] Sudoku knight's tour,https://www.reddit.com/r/dailyprogrammer/comments/8ked11/20180518_challenge_361_hard_sudoku_knights_tour/
8jvbzg,[2018-05-16] Challenge #361 [Intermediate] ElsieFour low-tech cipher,https://www.reddit.com/r/dailyprogrammer/comments/8jvbzg/20180516_challenge_361_intermediate_elsiefour/
8jcffg,[2018-05-14] Challenge #361 [Easy] Tally Program,https://www.reddit.com/r/dailyprogrammer/comments/8jcffg/20180514_challenge_361_easy_tally_program/
8i5zc3,[2018-05-09] Challenge #360 [Intermediate] Find the Nearest Aeroplane,https://www.reddit.com/r/dailyprogrammer/comments/8i5zc3/20180509_challenge_360_intermediate_find_the/
8gzaz5,[2018-05-04] Challenge #359 [Hard] Primes in Grids,https://www.reddit.com/r/dailyprogrammer/comments/8gzaz5/20180504_challenge_359_hard_primes_in_grids/
8gjc3k,[2018-05-02] Challenge #359 [Intermediate] Unwrap Some Text,https://www.reddit.com/r/dailyprogrammer/comments/8gjc3k/20180502_challenge_359_intermediate_unwrap_some/
8g0iil,[2018-04-30] Challenge #359 [Easy] Regular Paperfold Sequence Generator,https://www.reddit.com/r/dailyprogrammer/comments/8g0iil/20180430_challenge_359_easy_regular_paperfold/
8fbqhw,[2018-04-27] Challenge #358 [Hard] Puzzle me this,https://www.reddit.com/r/dailyprogrammer/comments/8fbqhw/20180427_challenge_358_hard_puzzle_me_this/
8ewq2e,[2018-04-25] Challenge #358 [Intermediate] Everyone's A Winner!,https://www.reddit.com/r/dailyprogrammer/comments/8ewq2e/20180425_challenge_358_intermediate_everyones_a/
8eger3,[2018-04-23] Challenge #358 [Easy] Decipher The Seven Segments,https://www.reddit.com/r/dailyprogrammer/comments/8eger3/20180423_challenge_358_easy_decipher_the_seven/
8dqzyi,[2018-04-20] Challenge #357 [Hard] Continued Fractions,https://www.reddit.com/r/dailyprogrammer/comments/8dqzyi/20180420_challenge_357_hard_continued_fractions/
8df7sm,[2018-04-19] Challenge #357 [Intermediate] Kolakoski Sequences,https://www.reddit.com/r/dailyprogrammer/comments/8df7sm/20180419_challenge_357_intermediate_kolakoski/
8bh8dh,[2018-04-11] Challenge #356 [Intermediate] Goldbach's Weak Conjecture,https://www.reddit.com/r/dailyprogrammer/comments/8bh8dh/20180411_challenge_356_intermediate_goldbachs/
87rz8c,[2018-03-28] Challenge #355 [Intermediate] Possible Number of Pies,https://www.reddit.com/r/dailyprogrammer/comments/87rz8c/20180328_challenge_355_intermediate_possible/
879u8b,[2018-03-26] Challenge #355 [Easy] Alphabet Cipher,https://www.reddit.com/r/dailyprogrammer/comments/879u8b/20180326_challenge_355_easy_alphabet_cipher/
84uk5v,[2018-03-16] Challenge #354 [Hard] Integer Complexity 3,https://www.reddit.com/r/dailyprogrammer/comments/84uk5v/20180316_challenge_354_hard_integer_complexity_3/
84f35x,[2018-03-14] Challenge #354 [Intermediate] Integer Complexity 2,https://www.reddit.com/r/dailyprogrammer/comments/84f35x/20180314_challenge_354_intermediate_integer/
83uvey,[2018-03-12] Challenge #354 [Easy] Integer Complexity 1,https://www.reddit.com/r/dailyprogrammer/comments/83uvey/20180312_challenge_354_easy_integer_complexity_1/
83754b,[2018-03-09] Challenge #353 [Hard] Create a Simple Stochastic Computing Machine,https://www.reddit.com/r/dailyprogrammer/comments/83754b/20180309_challenge_353_hard_create_a_simple/
82pt3h,[2018-03-07] Challenge #353 [Intermediate],https://www.reddit.com/r/dailyprogrammer/comments/82pt3h/20180307_challenge_353_intermediate/
826coe,[2018-03-05] Challenge #353 [Easy] Closest String,https://www.reddit.com/r/dailyprogrammer/comments/826coe/20180305_challenge_353_easy_closest_string/
81afc1,Open Discussion Threads,https://www.reddit.com/r/dailyprogrammer/comments/81afc1/open_discussion_threads/
7zriir,"[2018-02-23] Challenge #352 [Hard] Well, Well, Well",https://www.reddit.com/r/dailyprogrammer/comments/7zriir/20180223_challenge_352_hard_well_well_well/
7z8hrm,[2018-02-21] Challenge #352 [Intermediate] 7 Wonders Resource Allocation,https://www.reddit.com/r/dailyprogrammer/comments/7z8hrm/20180221_challenge_352_intermediate_7_wonders/
7yyt8e,[2018-02-20] Challenge #352 [Easy] Making Imgur-style Links,https://www.reddit.com/r/dailyprogrammer/comments/7yyt8e/20180220_challenge_352_easy_making_imgurstyle/
7xyi2w,[2018-02-16] Challenge #351 [Hard] Star Battle solver,https://www.reddit.com/r/dailyprogrammer/comments/7xyi2w/20180216_challenge_351_hard_star_battle_solver/
7xkhar,[2018-02-14] Challenge #351 [Intermediate] Permutation madness,https://www.reddit.com/r/dailyprogrammer/comments/7xkhar/20180214_challenge_351_intermediate_permutation/
7x81yg,[2018-02-13] Challenge #351 [Easy] Cricket Scoring,https://www.reddit.com/r/dailyprogrammer/comments/7x81yg/20180213_challenge_351_easy_cricket_scoring/
7wfd0n,[2018-02-09] Challenge #350 [Hard] Which Number Recurs First,https://www.reddit.com/r/dailyprogrammer/comments/7wfd0n/20180209_challenge_350_hard_which_number_recurs/
7vx85p,[2018-02-07] Challenge #350 [Intermediate] Balancing My Spending,https://www.reddit.com/r/dailyprogrammer/comments/7vx85p/20180207_challenge_350_intermediate_balancing_my/
7vm223,[2018-02-06] Challenge #350 [Easy] Bookshelf problem,https://www.reddit.com/r/dailyprogrammer/comments/7vm223/20180206_challenge_350_easy_bookshelf_problem/
7us3w7,[2018-02-02] Challenge #349 [Hard] Divide Polygons into Equal Regions,https://www.reddit.com/r/dailyprogrammer/comments/7us3w7/20180202_challenge_349_hard_divide_polygons_into/
7ubc70,[2018-01-30] Challenge #349 [Intermediate] Packing Stacks of Boxes,https://www.reddit.com/r/dailyprogrammer/comments/7ubc70/20180130_challenge_349_intermediate_packing/
7ttiq5,[2018-01-29] Challenge #349 [Easy] Change Calculator,https://www.reddit.com/r/dailyprogrammer/comments/7ttiq5/20180129_challenge_349_easy_change_calculator/
7t6fnc,[2018-01-26] Challenge #348 [Hard] Square Sum Chains,https://www.reddit.com/r/dailyprogrammer/comments/7t6fnc/20180126_challenge_348_hard_square_sum_chains/
7so37o,[2018-01-24] Challenge #348 [Intermediate] Bowling Frames Display,https://www.reddit.com/r/dailyprogrammer/comments/7so37o/20180124_challenge_348_intermediate_bowling/
7s888w,[2018-01-22] Challenge #348 [Easy] The rabbit problem,https://www.reddit.com/r/dailyprogrammer/comments/7s888w/20180122_challenge_348_easy_the_rabbit_problem/
7riu6p,[2018-01-19] Challenge #347 [Hard] Hue Drops Puzzle,https://www.reddit.com/r/dailyprogrammer/comments/7riu6p/20180119_challenge_347_hard_hue_drops_puzzle/
7r17qr,[2018-01-17] Challenge #347 [Intermediate] Linear Feedback Shift Register,https://www.reddit.com/r/dailyprogrammer/comments/7r17qr/20180117_challenge_347_intermediate_linear/
7qn07r,[2018-01-15] Challenge #347 [Easy] How long has the light been on?,https://www.reddit.com/r/dailyprogrammer/comments/7qn07r/20180115_challenge_347_easy_how_long_has_the/
7pmt9c,[2018-01-10] Challenge #346 [Intermediate] Fermat's little theorem,https://www.reddit.com/r/dailyprogrammer/comments/7pmt9c/20180110_challenge_346_intermediate_fermats/
7p5p2o,[2018-01-08] Challenge #346 [Easy] Cryptarithmetic Solver,https://www.reddit.com/r/dailyprogrammer/comments/7p5p2o/20180108_challenge_346_easy_cryptarithmetic_solver/
7ljqhl,[2017-12-22] Challenge #345 [Hard] 2D Triangle Mesh Generator,https://www.reddit.com/r/dailyprogrammer/comments/7ljqhl/20171222_challenge_345_hard_2d_triangle_mesh/
7jzy8k,[2017-12-15] Challenge #344 [Hard] Write a Web Client,https://www.reddit.com/r/dailyprogrammer/comments/7jzy8k/20171215_challenge_344_hard_write_a_web_client/
7jkfu5,[2017-12-13] Challenge #344 [Intermediate] Banker's Algorithm,https://www.reddit.com/r/dailyprogrammer/comments/7jkfu5/20171213_challenge_344_intermediate_bankers/
7j33iv,[2017-12-11] Challenge #344 [Easy] Baum-Sweet Sequence,https://www.reddit.com/r/dailyprogrammer/comments/7j33iv/20171211_challenge_344_easy_baumsweet_sequence/
7ifbd5,[2017-12-08] Challenge #343 [Hard] Procedural music generation,https://www.reddit.com/r/dailyprogrammer/comments/7ifbd5/20171208_challenge_343_hard_procedural_music/
7i1ib1,[2017-12-06] Challenge #343 [Intermediate] Mozart's Musical Dice,https://www.reddit.com/r/dailyprogrammer/comments/7i1ib1/20171206_challenge_343_intermediate_mozarts/
7hhyin,[2017-12-04] Challenge #343 [Easy] Major scales,https://www.reddit.com/r/dailyprogrammer/comments/7hhyin/20171204_challenge_343_easy_major_scales/
7gvned,[2017-12-01] Challenge #342 [Hard] Snake in a Box,https://www.reddit.com/r/dailyprogrammer/comments/7gvned/20171201_challenge_342_hard_snake_in_a_box/
7gdsy4,[2017-11-29] Challenge #342 [Intermediate] ASCII85 Encoding and Decoding,https://www.reddit.com/r/dailyprogrammer/comments/7gdsy4/20171129_challenge_342_intermediate_ascii85/
7fvy7z,[2017-11-27] Challenge #342 [Easy] Polynomial Division,https://www.reddit.com/r/dailyprogrammer/comments/7fvy7z/20171127_challenge_342_easy_polynomial_division/
7f5uyg,[2017-11-24] Challenge #341 [Hard] Finding a Map Subsection,https://www.reddit.com/r/dailyprogrammer/comments/7f5uyg/20171124_challenge_341_hard_finding_a_map/
7es7gj,[2017-11-22] Challenge #341 [Intermediate] Listening for Incoming Aircraft,https://www.reddit.com/r/dailyprogrammer/comments/7es7gj/20171122_challenge_341_intermediate_listening_for/
7eh6k8,[2017-11-21] Challenge #341 [Easy] Repeating Numbers,https://www.reddit.com/r/dailyprogrammer/comments/7eh6k8/20171121_challenge_341_easy_repeating_numbers/
7dlaeq,[2017-11-17] Challenge #340 [Hard] Write a Web Crawler,https://www.reddit.com/r/dailyprogrammer/comments/7dlaeq/20171117_challenge_340_hard_write_a_web_crawler/
7d4yoe,[2017-11-14] Challenge #340 [Intermediate] Walk in a Minefield,https://www.reddit.com/r/dailyprogrammer/comments/7d4yoe/20171114_challenge_340_intermediate_walk_in_a/
7cnqtw,[2017-11-13] Challenge #340 [Easy] First Recurring Character,https://www.reddit.com/r/dailyprogrammer/comments/7cnqtw/20171113_challenge_340_easy_first_recurring/
7c4bju,[2017-11-10] Challenge #339 [Hard] Severing the Power Grid,https://www.reddit.com/r/dailyprogrammer/comments/7c4bju/20171110_challenge_339_hard_severing_the_power/
7btzrw,[2017-11-08] Challenge #339 [Intermediate] A car renting problem,https://www.reddit.com/r/dailyprogrammer/comments/7btzrw/20171108_challenge_339_intermediate_a_car_renting/
7b5u96,[2017-11-06] Challenge #339 [Easy] Fixed-length file processing,https://www.reddit.com/r/dailyprogrammer/comments/7b5u96/20171106_challenge_339_easy_fixedlength_file/
7aae56,[2017-11-02] Challenge #338 [Intermediate] Maze turner,https://www.reddit.com/r/dailyprogrammer/comments/7aae56/20171102_challenge_338_intermediate_maze_turner/
79npf9,[2017-10-30] Challenge #338 [Easy] What day was it again?,https://www.reddit.com/r/dailyprogrammer/comments/79npf9/20171030_challenge_338_easy_what_day_was_it_again/
78twyd,[2017-10-26] Challenge #337 [Intermediate] Scrambled images,https://www.reddit.com/r/dailyprogrammer/comments/78twyd/20171026_challenge_337_intermediate_scrambled/
784fgr,[2017-10-23] Challenge #337 [Easy] Minimize & Maximize,https://www.reddit.com/r/dailyprogrammer/comments/784fgr/20171023_challenge_337_easy_minimize_maximize/
77m6l4,[2017-10-20] Challenge #336 [Hard] Van der Waerden numbers,https://www.reddit.com/r/dailyprogrammer/comments/77m6l4/20171020_challenge_336_hard_van_der_waerden/
776lcz,[2017-10-18] Challenge #336 [Intermediate] Repetitive Rubik's Cube,https://www.reddit.com/r/dailyprogrammer/comments/776lcz/20171018_challenge_336_intermediate_repetitive/
76qk58,[2017-10-16] Challenge #336 [Easy] Cannibal numbers,https://www.reddit.com/r/dailyprogrammer/comments/76qk58/20171016_challenge_336_easy_cannibal_numbers/
75p1cs,[2017-10-11] Challenge #335 [Intermediate] Scoring a Cribbage Hand,https://www.reddit.com/r/dailyprogrammer/comments/75p1cs/20171011_challenge_335_intermediate_scoring_a/
759fha,[2017-10-09] Challenge #335 [Easy] Consecutive Distance Rating,https://www.reddit.com/r/dailyprogrammer/comments/759fha/20171009_challenge_335_easy_consecutive_distance/
74np6k,[2017-10-06] Challenge #334 [Hard] Dinosaurs,https://www.reddit.com/r/dailyprogrammer/comments/74np6k/20171006_challenge_334_hard_dinosaurs/
748ba7,[2017-10-04] Challenge #334 [Intermediate] Carpet Fractals,https://www.reddit.com/r/dailyprogrammer/comments/748ba7/20171004_challenge_334_intermediate_carpet/
739j8c,[2017-09-29] Challenge #333 [Hard] Build a Web API-driven Data Site,https://www.reddit.com/r/dailyprogrammer/comments/739j8c/20170929_challenge_333_hard_build_a_web_apidriven/
72s7xp,[2017-09-27] Challenge #333 [Intermediate] Beer Street and Gin Lane,https://www.reddit.com/r/dailyprogrammer/comments/72s7xp/20170927_challenge_333_intermediate_beer_street/
72ivih,[2017-09-26] Challenge #333 [Easy] Packet Assembler,https://www.reddit.com/r/dailyprogrammer/comments/72ivih/20170926_challenge_333_easy_packet_assembler/
71pzlb,[2017-09-22] Challenge #332 [Hard] Skyscrapers and CEO's peculiar requirements,https://www.reddit.com/r/dailyprogrammer/comments/71pzlb/20170922_challenge_332_hard_skyscrapers_and_ceos/
71gbqj,[2017-09-20] Challenge #332 [Intermediate] Training for Summiting Everest,https://www.reddit.com/r/dailyprogrammer/comments/71gbqj/20170920_challenge_332_intermediate_training_for/
7096nu,[2017-09-15] Challenge #331 [Hard] Interactive Interpreter,https://www.reddit.com/r/dailyprogrammer/comments/7096nu/20170915_challenge_331_hard_interactive/
6zvjre,[2017-09-13] Challenge #331 [Intermediate] Sum of digits of x raised to n,https://www.reddit.com/r/dailyprogrammer/comments/6zvjre/20170913_challenge_331_intermediate_sum_of_digits/
6ze9z0,[2017-09-11] Challenge #331 [Easy] The Adding Calculator,https://www.reddit.com/r/dailyprogrammer/comments/6ze9z0/20170911_challenge_331_easy_the_adding_calculator/
6yu31a,[2017-09-08] Challenge #330 [Hard] Mini-Chess Positions,https://www.reddit.com/r/dailyprogrammer/comments/6yu31a/20170908_challenge_330_hard_minichess_positions/
6yep7x,[2017-09-06] Challenge #330 [Intermediate] Check Writer,https://www.reddit.com/r/dailyprogrammer/comments/6yep7x/20170906_challenge_330_intermediate_check_writer/
6y19v2,[2017-09-04] Challenge #330 [Easy] Surround the circles,https://www.reddit.com/r/dailyprogrammer/comments/6y19v2/20170904_challenge_330_easy_surround_the_circles/
6xfdv3,[2017-09-01] Challenge #329 [Hard] Implementing a Templating Engine,https://www.reddit.com/r/dailyprogrammer/comments/6xfdv3/20170901_challenge_329_hard_implementing_a/
6x77p1,[2017-08-31] Challenge #329 [Intermediate] Solve the Water Bucket Riddle,https://www.reddit.com/r/dailyprogrammer/comments/6x77p1/20170831_challenge_329_intermediate_solve_the/
6vyihu,[2017-08-25] Challenge #328 [Hard] Subset Sum Automata,https://www.reddit.com/r/dailyprogrammer/comments/6vyihu/20170825_challenge_328_hard_subset_sum_automata/
6uifb0,[2017-08-18] Challenge #327 [Hard] Calculating Costas Arrays,https://www.reddit.com/r/dailyprogrammer/comments/6uifb0/20170818_challenge_327_hard_calculating_costas/
6t0zua,[2017-08-11] Challenge #326 [Hard] Multifaceted alphabet blocks,https://www.reddit.com/r/dailyprogrammer/comments/6t0zua/20170811_challenge_326_hard_multifaceted_alphabet/
6sld01,[2017-08-09] Challenge #326 [Intermediate] Scrabble in Reverse,https://www.reddit.com/r/dailyprogrammer/comments/6sld01/20170809_challenge_326_intermediate_scrabble_in/
6rqwxk,[2017-08-05] Challenge #325 [Hard] Generating mazes,https://www.reddit.com/r/dailyprogrammer/comments/6rqwxk/20170805_challenge_325_hard_generating_mazes/
6rb98p,[2017-08-03] Challenge #325 [Intermediate] Arrow maze,https://www.reddit.com/r/dailyprogrammer/comments/6rb98p/20170803_challenge_325_intermediate_arrow_maze/
6qutez,[2017-08-01] Challenge #325 [Easy] Color maze,https://www.reddit.com/r/dailyprogrammer/comments/6qutez/20170801_challenge_325_easy_color_maze/
6nstip,"[2017-07-17] Challenge #324 [Easy] ""manual"" square root procedure (intermediate)",https://www.reddit.com/r/dailyprogrammer/comments/6nstip/20170717_challenge_324_easy_manual_square_root/
6n8qb7,[2017-07-14] Challenge #323 [Hard] Difference coverage,https://www.reddit.com/r/dailyprogrammer/comments/6n8qb7/20170714_challenge_323_hard_difference_coverage/
6mtvbk,[2017-07-12] Challenge #323 [Intermediate] Parsing Postal Addresses,https://www.reddit.com/r/dailyprogrammer/comments/6mtvbk/20170712_challenge_323_intermediate_parsing/
6melen,[2017-07-10] Challenge #323 [Easy] 3SUM,https://www.reddit.com/r/dailyprogrammer/comments/6melen/20170710_challenge_323_easy_3sum/
6lti17,[2017-07-07] Challenge #322 [Hard] Static HTTP Server,https://www.reddit.com/r/dailyprogrammer/comments/6lti17/20170707_challenge_322_hard_static_http_server/
6ldv3m,[2017-07-05] Challenge #322 [Intermediate] Largest Palindrome,https://www.reddit.com/r/dailyprogrammer/comments/6ldv3m/20170705_challenge_322_intermediate_largest/
6l3hd8,[2017-07-03] Challenge #322 [Easy] All Pairs Test Generator,https://www.reddit.com/r/dailyprogrammer/comments/6l3hd8/20170703_challenge_322_easy_all_pairs_test/
6ksmh5,[2017-06-30] Challenge #321 [Hard] Circle Splitter,https://www.reddit.com/r/dailyprogrammer/comments/6ksmh5/20170630_challenge_321_hard_circle_splitter/
6k123x,[2017-06-29] Challenge #321 [Intermediate] Affine Cipher Solver,https://www.reddit.com/r/dailyprogrammer/comments/6k123x/20170629_challenge_321_intermediate_affine_cipher/
6jr76h,[2017-06-27] Challenge #321 [Easy] Talking Clock,https://www.reddit.com/r/dailyprogrammer/comments/6jr76h/20170627_challenge_321_easy_talking_clock/
6j7k3x,[2017-06-24] Challenge #320 [Hard] Path to Philosophy,https://www.reddit.com/r/dailyprogrammer/comments/6j7k3x/20170624_challenge_320_hard_path_to_philosophy/
6ilyfi,[2017-06-21] Challenge #320 [Intermediate] War (card game),https://www.reddit.com/r/dailyprogrammer/comments/6ilyfi/20170621_challenge_320_intermediate_war_card_game/
6i60lr,[2017-06-19] Challenge #320 [Easy] Spiral Ascension,https://www.reddit.com/r/dailyprogrammer/comments/6i60lr/20170619_challenge_320_easy_spiral_ascension/
6hm5j2,[2017-06-16] Challenge #319 [Hard] Worm Wars 2 - Network Epidemiology,https://www.reddit.com/r/dailyprogrammer/comments/6hm5j2/20170616_challenge_319_hard_worm_wars_2_network/
6h9woe,[2016-06-14] Challenge #319 [Intermediate] Worm Wars 1 - Basic Epidemiology,https://www.reddit.com/r/dailyprogrammer/comments/6h9woe/20160614_challenge_319_intermediate_worm_wars_1/
6grwny,[2017-06-12] Challenge #319 [Easy] Condensing Sentences,https://www.reddit.com/r/dailyprogrammer/comments/6grwny/20170612_challenge_319_easy_condensing_sentences/
6g8ey0,[2017-06-09] Challenge #318 [Hard] Ladder Logic,https://www.reddit.com/r/dailyprogrammer/comments/6g8ey0/20170609_challenge_318_hard_ladder_logic/
6ft96y,[2017-06-07] Challenge #318 [Intermediate] 2020 - NBA Revolution,https://www.reddit.com/r/dailyprogrammer/comments/6ft96y/20170607_challenge_318_intermediate_2020_nba/
6fe9cv,[2017-06-05] Challenge #318 [Easy] Countdown Game Show,https://www.reddit.com/r/dailyprogrammer/comments/6fe9cv/20170605_challenge_318_easy_countdown_game_show/
6eublu,[2017-06-02] Challenge #317 [Hard] Poker Odds,https://www.reddit.com/r/dailyprogrammer/comments/6eublu/20170602_challenge_317_hard_poker_odds/
6eerfk,[2017-05-31] Challenge #317 [Intermediate] Counting Elements,https://www.reddit.com/r/dailyprogrammer/comments/6eerfk/20170531_challenge_317_intermediate_counting/
6e08v6,[2017-05-29] Challenge #317 [Easy] Collatz Tag System,https://www.reddit.com/r/dailyprogrammer/comments/6e08v6/20170529_challenge_317_easy_collatz_tag_system/
6dgiig,[2017-05-26] Challenge #316 [Hard] Longest Uncrossed Knight's Path,https://www.reddit.com/r/dailyprogrammer/comments/6dgiig/20170526_challenge_316_hard_longest_uncrossed/
6d29om,[2017-05-24] Challenge #316 [Intermediate] Sydney tourist shopping cart,https://www.reddit.com/r/dailyprogrammer/comments/6d29om/20170524_challenge_316_intermediate_sydney/
6coqwk,[2017-05-22] Challenge #316 [Easy] Knight's Metric,https://www.reddit.com/r/dailyprogrammer/comments/6coqwk/20170522_challenge_316_easy_knights_metric/
6bumxo,[2017-05-18] Challenge #315 [Intermediate] Game of life that has a twist,https://www.reddit.com/r/dailyprogrammer/comments/6bumxo/20170518_challenge_315_intermediate_game_of_life/
6ba9id,[2017-05-15] Challenge #315 [Easy] XOR Multiplication,https://www.reddit.com/r/dailyprogrammer/comments/6ba9id/20170515_challenge_315_easy_xor_multiplication/
6arlw4,[2017-05-12] Chalenge #314 [Hard] Finding Point Nemo,https://www.reddit.com/r/dailyprogrammer/comments/6arlw4/20170512_chalenge_314_hard_finding_point_nemo/
6aefs1,[2017-05-10] Challenge #314 [Intermediate] Comparing Rotated Words,https://www.reddit.com/r/dailyprogrammer/comments/6aefs1/20170510_challenge_314_intermediate_comparing/
69y21t,[2017-05-08] Challenge #314 [Easy] Concatenated Integers,https://www.reddit.com/r/dailyprogrammer/comments/69y21t/20170508_challenge_314_easy_concatenated_integers/
69fxq8,[2017-05-05] Challenge #313 [Hard] Embedded word list,https://www.reddit.com/r/dailyprogrammer/comments/69fxq8/20170505_challenge_313_hard_embedded_word_list/
68zsoo,[2017-05-03] Challenge #313 [Intermediate] PGM image manipulation,https://www.reddit.com/r/dailyprogrammer/comments/68zsoo/20170503_challenge_313_intermediate_pgm_image/
68oda5,[2017-05-01] Challenge #313 [Easy] Subset sum,https://www.reddit.com/r/dailyprogrammer/comments/68oda5/20170501_challenge_313_easy_subset_sum/
683w4s,[2017-04-28] Challenge #312 [Hard] Text Summarizer,https://www.reddit.com/r/dailyprogrammer/comments/683w4s/20170428_challenge_312_hard_text_summarizer/
67q3s6,[2017-04-26] Challenge #312 [Intermediate] Next largest number,https://www.reddit.com/r/dailyprogrammer/comments/67q3s6/20170426_challenge_312_intermediate_next_largest/
67dxts,[2017-04-24] Challenge #312 [Easy] L33tspeak Translator,https://www.reddit.com/r/dailyprogrammer/comments/67dxts/20170424_challenge_312_easy_l33tspeak_translator/
66p87v,[2017-04-21] Challenge #311 [Hard] Procedural Dungeon Generation,https://www.reddit.com/r/dailyprogrammer/comments/66p87v/20170421_challenge_311_hard_procedural_dungeon/
669u44,[2017-04-19] Challenge #311 [Intermediate] IPv4 Subnet Calculator,https://www.reddit.com/r/dailyprogrammer/comments/669u44/20170419_challenge_311_intermediate_ipv4_subnet/
65vgkh,[2017-04-17] Challenge #311 [Easy] Jolly Jumper,https://www.reddit.com/r/dailyprogrammer/comments/65vgkh/20170417_challenge_311_easy_jolly_jumper/
65fkwh,[2017-04-14] Challenge #310 [Hard] The Guards and the Mansion,https://www.reddit.com/r/dailyprogrammer/comments/65fkwh/20170414_challenge_310_hard_the_guards_and_the/
64y4cf,[2017-04-12] Challenge #310 [Intermediate] Simplifying square roots,https://www.reddit.com/r/dailyprogrammer/comments/64y4cf/20170412_challenge_310_intermediate_simplifying/
64jesw,[2017-04-10] Challenge #310 [Easy] Kids Lotto,https://www.reddit.com/r/dailyprogrammer/comments/64jesw/20170410_challenge_310_easy_kids_lotto/
641zpj,[2017-04-07] Challenge #309 [Hard] Patterns overlap,https://www.reddit.com/r/dailyprogrammer/comments/641zpj/20170407_challenge_309_hard_patterns_overlap/
63n40x,[2017-04-05] Challenge #309 [Intermediate] Sequential/Finite state machines,https://www.reddit.com/r/dailyprogrammer/comments/63n40x/20170405_challenge_309_intermediate/
62ktmx,[2017-03-31] Challenge #308 [Hard] Slider Game Puzzle,https://www.reddit.com/r/dailyprogrammer/comments/62ktmx/20170331_challenge_308_hard_slider_game_puzzle/
61ub0j,[2017-03-27] Challenge #308 [Easy] Let it burn,https://www.reddit.com/r/dailyprogrammer/comments/61ub0j/20170327_challenge_308_easy_let_it_burn/
611tqx,[2017-03-22] Challenge #307 [Intermediate] Scrabble problem,https://www.reddit.com/r/dailyprogrammer/comments/611tqx/20170322_challenge_307_intermediate_scrabble/
60ibay,[2017-03-20] Challenge #307 [Easy] base 255 part1,https://www.reddit.com/r/dailyprogrammer/comments/60ibay/20170320_challenge_307_easy_base_255_part1/
5zxebw,[2017-03-17] Challenge #306 [Hard] Generate Strings to Match a Regular Expression,https://www.reddit.com/r/dailyprogrammer/comments/5zxebw/20170317_challenge_306_hard_generate_strings_to/
5zj7e4,[2017-03-15] Challenge #306 [Intermediate] Gray Code,https://www.reddit.com/r/dailyprogrammer/comments/5zj7e4/20170315_challenge_306_intermediate_gray_code/
5z4f3z,[2017-03-13] Challenge #306 [Easy] Pandigital Roman Numbers,https://www.reddit.com/r/dailyprogrammer/comments/5z4f3z/20170313_challenge_306_easy_pandigital_roman/
5yoo87,[2017-03-10] Challenge #305 [Hard] Numbers for Sale,https://www.reddit.com/r/dailyprogrammer/comments/5yoo87/20170310_challenge_305_hard_numbers_for_sale/
5yaiin,[2017-03-08] Challenge #305 [Intermediate] The Best Conjunction,https://www.reddit.com/r/dailyprogrammer/comments/5yaiin/20170308_challenge_305_intermediate_the_best/
5xu7sz,[2017-03-06] Challenge #305 [Easy] Permutation base,https://www.reddit.com/r/dailyprogrammer/comments/5xu7sz/20170306_challenge_305_easy_permutation_base/
5xaoxb,[2017-03-03] Challenge #304 [Hard] Generating a fractal using affine transformation,https://www.reddit.com/r/dailyprogrammer/comments/5xaoxb/20170303_challenge_304_hard_generating_a_fractal/
5ww6o5,[2017-03-01] Challenge #304 [Intermediate] Horse Race Sorting,https://www.reddit.com/r/dailyprogrammer/comments/5ww6o5/20170301_challenge_304_intermediate_horse_race/
5wnbsi,[2017-02-28] Challenge #304 [Easy] Little Accountant,https://www.reddit.com/r/dailyprogrammer/comments/5wnbsi/20170228_challenge_304_easy_little_accountant/
5vwwzg,[2017-02-24] Challenge #303 [Hard] Escaping a dangerous maze,https://www.reddit.com/r/dailyprogrammer/comments/5vwwzg/20170224_challenge_303_hard_escaping_a_dangerous/
5vb1wf,[2017-02-21] Challenge #303 [Easy] Ricochet,https://www.reddit.com/r/dailyprogrammer/comments/5vb1wf/20170221_challenge_303_easy_ricochet/
5t7l07,[2017-02-10] Challenge #302 [Hard] ASCII Histogram Maker: Part 2 - The Proper Histogram,https://www.reddit.com/r/dailyprogrammer/comments/5t7l07/20170210_challenge_302_hard_ascii_histogram_maker/
5st2so,[2017-02-08] Challenge #302 [Intermediate] ASCII Histogram Maker: Part 1 - The Simple Bar Chart,https://www.reddit.com/r/dailyprogrammer/comments/5st2so/20170208_challenge_302_intermediate_ascii/
5seexn,[2017-02-06] Challenge #302 [Easy] Spelling with Chemistry,https://www.reddit.com/r/dailyprogrammer/comments/5seexn/20170206_challenge_302_easy_spelling_with/
5rt1cj,[2017-02-03] Challenge #301 [Hard] Guitar Tablature,https://www.reddit.com/r/dailyprogrammer/comments/5rt1cj/20170203_challenge_301_hard_guitar_tablature/
5rlpz1,[2017-02-02] Challenge #301 [Easy/Intemerdiate] Looking for patterns,https://www.reddit.com/r/dailyprogrammer/comments/5rlpz1/20170202_challenge_301_easyintemerdiate_looking/
5qp3ou,[2017-01-28] Challenge #300 [Hard] Let's make some noise part 3,https://www.reddit.com/r/dailyprogrammer/comments/5qp3ou/20170128_challenge_300_hard_lets_make_some_noise/
5q9cll,[2017-01-26] Challenge #300 [Easy/Intermediate] Let's make some noise part 2,https://www.reddit.com/r/dailyprogrammer/comments/5q9cll/20170126_challenge_300_easyintermediate_lets_make/
5prdgb,[2017-01-23] Challenge #300 [Easy] Let's make some noise,https://www.reddit.com/r/dailyprogrammer/comments/5prdgb/20170123_challenge_300_easy_lets_make_some_noise/
5nr86m,[2017-01-13] Challenge #299 [Hard] Functional Graph solving,https://www.reddit.com/r/dailyprogrammer/comments/5nr86m/20170113_challenge_299_hard_functional_graph/
5nciz5,[2017-01-11] Challenge #299 [Intermediate] From Maze to graph,https://www.reddit.com/r/dailyprogrammer/comments/5nciz5/20170111_challenge_299_intermediate_from_maze_to/
5mzr6x,[2017-01-09] Challenge #298 [Hard] Functional Maze solving,https://www.reddit.com/r/dailyprogrammer/comments/5mzr6x/20170109_challenge_298_hard_functional_maze/
5m034l,[2017-01-04] Challenge #298 [Intermediate] Too many or too few Parentheses,https://www.reddit.com/r/dailyprogrammer/comments/5m034l/20170104_challenge_298_intermediate_too_many_or/
5l42dx,[2016-12-30] Challenge #297 [Hard] Parentheses trees,https://www.reddit.com/r/dailyprogrammer/comments/5l42dx/20161230_challenge_297_hard_parentheses_trees/
5jxeal,[2016-12-23] Challenge #296 [Hard] Flood Fill Puzzle Game,https://www.reddit.com/r/dailyprogrammer/comments/5jxeal/20161223_challenge_296_hard_flood_fill_puzzle_game/
5jpt8v,[2016-12-22] Challenge #296 [Intermediate] Intersecting Area Of Overlapping Rectangles,https://www.reddit.com/r/dailyprogrammer/comments/5jpt8v/20161222_challenge_296_intermediate_intersecting/
5j6ggm,[2016-12-19] Challenge #296 [Easy] The Twelve Days of...,https://www.reddit.com/r/dailyprogrammer/comments/5j6ggm/20161219_challenge_296_easy_the_twelve_days_of/
5iq4ix,[2016-12-16] Challenge #295 [Hard] Advanced pacman,https://www.reddit.com/r/dailyprogrammer/comments/5iq4ix/20161216_challenge_295_hard_advanced_pacman/
5ijb4z,[2016-12-15] Challenge #295 [Intermediate] Seperated Spouses,https://www.reddit.com/r/dailyprogrammer/comments/5ijb4z/20161215_challenge_295_intermediate_seperated/
5hy8sm,[2016-12-12] Challenge #295 [Easy] Letter by letter,https://www.reddit.com/r/dailyprogrammer/comments/5hy8sm/20161212_challenge_295_easy_letter_by_letter/
5hcd0x,[2016-12-09] Challenge #294 [Hard] Rack management 3,https://www.reddit.com/r/dailyprogrammer/comments/5hcd0x/20161209_challenge_294_hard_rack_management_3/
5h40ml,[2016-12-07] Challenge #294 [Intermediate] Rack management 2,https://www.reddit.com/r/dailyprogrammer/comments/5h40ml/20161207_challenge_294_intermediate_rack/
5go843,[2016-12-05] Challenge #294 [Easy] Rack management 1,https://www.reddit.com/r/dailyprogrammer/comments/5go843/20161205_challenge_294_easy_rack_management_1/
5etds6,[2016-11-25] Challenge #293 [Hard] Zombies 2 - Your Princess is in Another Castle!,https://www.reddit.com/r/dailyprogrammer/comments/5etds6/20161125_challenge_293_hard_zombies_2_your/
5emuuy,[2016-11-24] Challenge #293 [Intermediate] Defusing the second bomb,https://www.reddit.com/r/dailyprogrammer/comments/5emuuy/20161124_challenge_293_intermediate_defusing_the/
5e4mde,[2016-11-21] Challenge #293 [Easy] Defusing the bomb,https://www.reddit.com/r/dailyprogrammer/comments/5e4mde/20161121_challenge_293_easy_defusing_the_bomb/
5d1l7v,[2016-11-15] Challenge #292 [Easy] Increasing range parsing,https://www.reddit.com/r/dailyprogrammer/comments/5d1l7v/20161115_challenge_292_easy_increasing_range/
5cetzo,[2016-11-11] Challenge #291 [Hard] Spaghetti Wiring,https://www.reddit.com/r/dailyprogrammer/comments/5cetzo/20161111_challenge_291_hard_spaghetti_wiring/
5c5jx9,[2016-11-09] Challenge #291 [Intermediate] Reverse Polish Notation Calculator,https://www.reddit.com/r/dailyprogrammer/comments/5c5jx9/20161109_challenge_291_intermediate_reverse/
5bn0b7,[2016-11-07] Challenge #291 [Easy] Goldilocks' Bear Necessities,https://www.reddit.com/r/dailyprogrammer/comments/5bn0b7/20161107_challenge_291_easy_goldilocks_bear/
5b5fc8,[2016-11-04] Challenge #290 [Hard] Gophers and Robot Dogs,https://www.reddit.com/r/dailyprogrammer/comments/5b5fc8/20161104_challenge_290_hard_gophers_and_robot_dogs/
5as91q,[2016-11-02] Challenge #290 [Intermediate] Blinking LEDs,https://www.reddit.com/r/dailyprogrammer/comments/5as91q/20161102_challenge_290_intermediate_blinking_leds/
5aemnn,[2016-10-31] Challenge #290 [Easy] Kaprekar Numbers,https://www.reddit.com/r/dailyprogrammer/comments/5aemnn/20161031_challenge_290_easy_kaprekar_numbers/
59vml0,"[2016-10-28] Challenge #289 [Hard] ""Spot it!"" cards generator",https://www.reddit.com/r/dailyprogrammer/comments/59vml0/20161028_challenge_289_hard_spot_it_cards/
59mnxa,[2016-10-27] Challenge #289 [Intermediate] Metro trip planner,https://www.reddit.com/r/dailyprogrammer/comments/59mnxa/20161027_challenge_289_intermediate_metro_trip/
5961a5,[2016-10-24] Challenge #289 [Easy] It's super effective!,https://www.reddit.com/r/dailyprogrammer/comments/5961a5/20161024_challenge_289_easy_its_super_effective/
58n2ca,[2016-10-21] Challenge #288 [Hard] Adjacent Numbers problems,https://www.reddit.com/r/dailyprogrammer/comments/58n2ca/20161021_challenge_288_hard_adjacent_numbers/
589txl,[2016-10-19] Challenge #288 [Intermediate] Stars and Stripes and Vertices,https://www.reddit.com/r/dailyprogrammer/comments/589txl/20161019_challenge_288_intermediate_stars_and/
57zcbm,[2016-10-17] Challenge #288 [Easy] Detecting Alliteration,https://www.reddit.com/r/dailyprogrammer/comments/57zcbm/20161017_challenge_288_easy_detecting_alliteration/
57fzcv,[2016-10-14] Challenge #287 [Hard] Word Numbers,https://www.reddit.com/r/dailyprogrammer/comments/57fzcv/20161014_challenge_287_hard_word_numbers/
576o8o,[2016-10-12] Challenge #287 [Intermediate] Mathagrams,https://www.reddit.com/r/dailyprogrammer/comments/576o8o/20161012_challenge_287_intermediate_mathagrams/
56tbds,[2016-10-10] Challenge #287 [Easy] Kaprekar's Routine,https://www.reddit.com/r/dailyprogrammer/comments/56tbds/20161010_challenge_287_easy_kaprekars_routine/
56bh88,[2016-10-07] Challenge #286 [Hard] Rush Hour Solver,https://www.reddit.com/r/dailyprogrammer/comments/56bh88/20161007_challenge_286_hard_rush_hour_solver/
55zdxx,[2016-10-05] Challenge #286 [Intermediate] Zeckendorf Representations of Positive Integers,https://www.reddit.com/r/dailyprogrammer/comments/55zdxx/20161005_challenge_286_intermediate_zeckendorf/
55nior,[2016-10-03] Challenge #286 [Easy] Reverse Factorial,https://www.reddit.com/r/dailyprogrammer/comments/55nior/20161003_challenge_286_easy_reverse_factorial/
557wyy,[2016-09-30] Challenge #285 [Hard] Math Proofs,https://www.reddit.com/r/dailyprogrammer/comments/557wyy/20160930_challenge_285_hard_math_proofs/
54wihd,[2016-09-28] Challenge #285 [Intermediate] Cross Platform/Language Data Encoding part 2,https://www.reddit.com/r/dailyprogrammer/comments/54wihd/20160928_challenge_285_intermediate_cross/
54lu54,[2016-09-26] Challenge #285 [Easy] Cross Platform/Language Data Encoding part 1,https://www.reddit.com/r/dailyprogrammer/comments/54lu54/20160926_challenge_285_easy_cross/
545a7x,[2016-09-23] Challenge #284 [Hard] Winning the Tournament,https://www.reddit.com/r/dailyprogrammer/comments/545a7x/20160923_challenge_284_hard_winning_the_tournament/
53sw7z,[2016-09-21] Challenge #284 [Intermediate] Punch Card Creator,https://www.reddit.com/r/dailyprogrammer/comments/53sw7z/20160921_challenge_284_intermediate_punch_card/
53ijnb,[2016-09-19] Challenge #284 [Easy] Wandering Fingers,https://www.reddit.com/r/dailyprogrammer/comments/53ijnb/20160919_challenge_284_easy_wandering_fingers/
5320ey,[2016-09-16] Challenge #283 [Hard] Guarding the Coast,https://www.reddit.com/r/dailyprogrammer/comments/5320ey/20160916_challenge_283_hard_guarding_the_coast/
52enht,[2016-09-12] Challenge #283 [Easy] Anagram Detector,https://www.reddit.com/r/dailyprogrammer/comments/52enht/20160912_challenge_283_easy_anagram_detector/
51wg0j,[2016-09-09] Challenge #282 [Hard] Hidato,https://www.reddit.com/r/dailyprogrammer/comments/51wg0j/20160909_challenge_282_hard_hidato/
51l1j1,[2016-09-07] Challenge #282 [Intermediate] The final Quixo move,https://www.reddit.com/r/dailyprogrammer/comments/51l1j1/20160907_challenge_282_intermediate_the_final/
5196fi,[2016-09-05] Challenge #282 [Easy] Unusual Bases,https://www.reddit.com/r/dailyprogrammer/comments/5196fi/20160905_challenge_282_easy_unusual_bases/
50s3ax,[2016-09-02] Challenge #281 [Hard] Minesweeper Solver,https://www.reddit.com/r/dailyprogrammer/comments/50s3ax/20160902_challenge_281_hard_minesweeper_solver/
50hbtp,[2016-08-31] Challenge #281 [Intermediate] Dank usernames,https://www.reddit.com/r/dailyprogrammer/comments/50hbtp/20160831_challenge_281_intermediate_dank_usernames/
504rdh,[2016-08-29] Challenge #281 [Easy] Something about bases,https://www.reddit.com/r/dailyprogrammer/comments/504rdh/20160829_challenge_281_easy_something_about_bases/
4zog32,[2016-08-26] Challenge #280 [Hard] Free Flow Solver,https://www.reddit.com/r/dailyprogrammer/comments/4zog32/20160826_challenge_280_hard_free_flow_solver/
4zcly2,[2016-08-24] Challenge #280 [Intermediate] Anagram Maker,https://www.reddit.com/r/dailyprogrammer/comments/4zcly2/20160824_challenge_280_intermediate_anagram_maker/
4z04vj,"[2016-08-22] Challenge #280 [Easy] 0 to 100, Real Quick",https://www.reddit.com/r/dailyprogrammer/comments/4z04vj/20160822_challenge_280_easy_0_to_100_real_quick/
4ybbcz,[2016-08-18] Challenge #279 [Intermediate] Text Reflow,https://www.reddit.com/r/dailyprogrammer/comments/4ybbcz/20160818_challenge_279_intermediate_text_reflow/
4xy6i1,[2016-08-16] Challenge #279 [Easy] Uuencoding,https://www.reddit.com/r/dailyprogrammer/comments/4xy6i1/20160816_challenge_279_easy_uuencoding/
4wqzph,[2016-08-08] Challenge #278 [Easy/Med] Weave insert Part 1,https://www.reddit.com/r/dailyprogrammer/comments/4wqzph/20160808_challenge_278_easymed_weave_insert_part_1/
4v5h3u,[2016-07-29] Challenge #277 [Hard] Trippy Julia fractals,https://www.reddit.com/r/dailyprogrammer/comments/4v5h3u/20160729_challenge_277_hard_trippy_julia_fractals/
4utlaz,[2016-07-27] Challenge #277 [Intermediate] Fake coins,https://www.reddit.com/r/dailyprogrammer/comments/4utlaz/20160727_challenge_277_intermediate_fake_coins/
4uhqdb,[2016-07-25] Challenge #277 [Easy] Simplifying fractions,https://www.reddit.com/r/dailyprogrammer/comments/4uhqdb/20160725_challenge_277_easy_simplifying_fractions/
4u3e96,[2016-07-22] Challenge #276 [Hard] ∞ Loop solver part 2,https://www.reddit.com/r/dailyprogrammer/comments/4u3e96/20160722_challenge_276_hard_loop_solver_part_2/
4tqy5c,[2016-07-20] Challenge #276 [Intermediate] Key function,https://www.reddit.com/r/dailyprogrammer/comments/4tqy5c/20160720_challenge_276_intermediate_key_function/
4tetif,[2016-07-18] Challenge #276 [Easy] Recktangles,https://www.reddit.com/r/dailyprogrammer/comments/4tetif/20160718_challenge_276_easy_recktangles/
4t11c3,[2016-07-15] Challenge #275 [Hard] Splurthian Chemistry 103,https://www.reddit.com/r/dailyprogrammer/comments/4t11c3/20160715_challenge_275_hard_splurthian_chemistry/
4so25w,[2016-07-13] Challenge #275 [Intermediate] Splurthian Chemistry 102,https://www.reddit.com/r/dailyprogrammer/comments/4so25w/20160713_challenge_275_intermediate_splurthian/
4savyr,[2016-07-11] Challenge #275 [Easy] Splurthian Chemistry 101,https://www.reddit.com/r/dailyprogrammer/comments/4savyr/20160711_challenge_275_easy_splurthian_chemistry/
4rug59,[2016-07-08] Challenge #274 [Hard] ∞ Loop solver,https://www.reddit.com/r/dailyprogrammer/comments/4rug59/20160708_challenge_274_hard_loop_solver/
4riubi,[2016-07-06] Challenge #274 [Intermediate] Calculating De Bruijn sequences,https://www.reddit.com/r/dailyprogrammer/comments/4riubi/20160706_challenge_274_intermediate_calculating/
4r8fod,[2016-07-04] Challenge #274 [Easy] Gold and Treasure: The Beale Cipher,https://www.reddit.com/r/dailyprogrammer/comments/4r8fod/20160704_challenge_274_easy_gold_and_treasure_the/
4qt12j,[2016-07-01] Challenge #273 [Hard] Elggob - Make a Boggle Layout,https://www.reddit.com/r/dailyprogrammer/comments/4qt12j/20160701_challenge_273_hard_elggob_make_a_boggle/
4qg2eo,[2016-06-29] Challenge #273 [Intermediate] Twist up a message,https://www.reddit.com/r/dailyprogrammer/comments/4qg2eo/20160629_challenge_273_intermediate_twist_up_a/
4q35ip,[2016-06-27] Challenge #273 [Easy] Getting a degree,https://www.reddit.com/r/dailyprogrammer/comments/4q35ip/20160627_challenge_273_easy_getting_a_degree/
4pnky5,[2016-06-24] Challenge #272 [Hard] Air Pressure router valve - Part 1.,https://www.reddit.com/r/dailyprogrammer/comments/4pnky5/20160624_challenge_272_hard_air_pressure_router/
4paxp4,[2016-06-22] Challenge #272 [Intermediate] Dither that image,https://www.reddit.com/r/dailyprogrammer/comments/4paxp4/20160622_challenge_272_intermediate_dither_that/
4oylbo,[2016-06-20] Challenge #272 [Easy] What's in the bag?,https://www.reddit.com/r/dailyprogrammer/comments/4oylbo/20160620_challenge_272_easy_whats_in_the_bag/
4ojbgq,[2016-06-17] Challenge #271 [Hard] Formatting J code,https://www.reddit.com/r/dailyprogrammer/comments/4ojbgq/20160617_challenge_271_hard_formatting_j_code/
4o74p3,[2016-06-15] Challenge #271 [Intermediate] Making Waves,https://www.reddit.com/r/dailyprogrammer/comments/4o74p3/20160615_challenge_271_intermediate_making_waves/
4nvrnx,[2016-06-13] Challenge #271 [Easy] Critical Hit,https://www.reddit.com/r/dailyprogrammer/comments/4nvrnx/20160613_challenge_271_easy_critical_hit/
4nga90,[2016-06-10] Challenge #270 [Hard] Alien Invasion Inversion,https://www.reddit.com/r/dailyprogrammer/comments/4nga90/20160610_challenge_270_hard_alien_invasion/
4n6hc2,[2016-06-08] Challenge #270 [Intermediate] Generating Text with Markov Processes,https://www.reddit.com/r/dailyprogrammer/comments/4n6hc2/20160608_challenge_270_intermediate_generating/
4m3ddb,[2016-06-01] Challenge #269 [Intermediate] Mirror encryption,https://www.reddit.com/r/dailyprogrammer/comments/4m3ddb/20160601_challenge_269_intermediate_mirror/
4lpygb,[2016-05-30] Challenge #269 [Easy] BASIC Formatting,https://www.reddit.com/r/dailyprogrammer/comments/4lpygb/20160530_challenge_269_easy_basic_formatting/
4lavv6,"[2016-05-27] Challenge #268 [Hard] Network and Cards: Part 3, The cheaters",https://www.reddit.com/r/dailyprogrammer/comments/4lavv6/20160527_challenge_268_hard_network_and_cards/
4kz0e0,"[2016-05-25] Challenge #268 [Intermediate] Network and Cards: Part 2, The cards",https://www.reddit.com/r/dailyprogrammer/comments/4kz0e0/20160525_challenge_268_intermediate_network_and/
4knivr,"[2016-05-23] Challenge #268 [Easy] Network and Cards: Part 1, The network",https://www.reddit.com/r/dailyprogrammer/comments/4knivr/20160523_challenge_268_easy_network_and_cards/
4k8m02,[2016-05-20] Challenge #267 [Hard] IDDQD,https://www.reddit.com/r/dailyprogrammer/comments/4k8m02/20160520_challenge_267_hard_iddqd/
4jx7y8,[2016-05-18] Challenge #267 [Intermediate] Vive la résistance!,https://www.reddit.com/r/dailyprogrammer/comments/4jx7y8/20160518_challenge_267_intermediate_vive_la/
4jom3a,[2016-05-16] Challenge #267 [Easy] All the places your dog didn't win,https://www.reddit.com/r/dailyprogrammer/comments/4jom3a/20160516_challenge_267_easy_all_the_places_your/
4j65ls,[2016-05-13] Challenge #266 [Hard] Finding Friends in the Social Graph,https://www.reddit.com/r/dailyprogrammer/comments/4j65ls/20160513_challenge_266_hard_finding_friends_in/
4iut1x,[2016-05-11] Challenge #266 [Intermediate] Graph Radius and Diameter,https://www.reddit.com/r/dailyprogrammer/comments/4iut1x/20160511_challenge_266_intermediate_graph_radius/
4ijtrt,[2016-05-09] Challenge #266 [Easy] Basic Graph Statistics: Node Degrees,https://www.reddit.com/r/dailyprogrammer/comments/4ijtrt/20160509_challenge_266_easy_basic_graph/
4i3xrm,[2016-05-04] Challenge #265 [Hard] Permutations with repeat,https://www.reddit.com/r/dailyprogrammer/comments/4i3xrm/20160504_challenge_265_hard_permutations_with/
4htg9t,[2016-05-04] Challenge #265 [Easy] Permutations and combinations part 2,https://www.reddit.com/r/dailyprogrammer/comments/4htg9t/20160504_challenge_265_easy_permutations_and/
4hhiu8,[2016-05-02] Challenge #265 [Easy] Permutations and combinations part 1,https://www.reddit.com/r/dailyprogrammer/comments/4hhiu8/20160502_challenge_265_easy_permutations_and/
4gzeze,[2016-04-29] Challenge #264 [Hard] Detecting Poetry Forms,https://www.reddit.com/r/dailyprogrammer/comments/4gzeze/20160429_challenge_264_hard_detecting_poetry_forms/
4gqm90,[2016-04-27] Challenge #264 [Intermediate] Gossiping bus drivers,https://www.reddit.com/r/dailyprogrammer/comments/4gqm90/20160427_challenge_264_intermediate_gossiping_bus/
4gc24w,[2016-04-25] Challenge #264 [Easy] Sort my code,https://www.reddit.com/r/dailyprogrammer/comments/4gc24w/20160425_challenge_264_easy_sort_my_code/
4fyjlu,[2016-04-22] Challenge #263 [Hard] Hashiwokakero,https://www.reddit.com/r/dailyprogrammer/comments/4fyjlu/20160422_challenge_263_hard_hashiwokakero/
4fnz37,[2016-04-20] Challenge #263 [Intermediate] Help Eminem win his rap battle!,https://www.reddit.com/r/dailyprogrammer/comments/4fnz37/20160420_challenge_263_intermediate_help_eminem/
4fc896,[2016-04-18] Challenge #263 [Easy] Calculating Shannon Entropy of a String,https://www.reddit.com/r/dailyprogrammer/comments/4fc896/20160418_challenge_263_easy_calculating_shannon/
4ey6as,[2016-04-15] Challenge #262 [Hard] 4x4 puzzle swapper,https://www.reddit.com/r/dailyprogrammer/comments/4ey6as/20160415_challenge_262_hard_4x4_puzzle_swapper/
4elyls,[2016-04-13] Challenge #262 [Intermediate] Base 64 compression,https://www.reddit.com/r/dailyprogrammer/comments/4elyls/20160413_challenge_262_intermediate_base_64/
4eaeff,[2016-04-11] Challenge #262 [Easy] MaybeNumeric,https://www.reddit.com/r/dailyprogrammer/comments/4eaeff/20160411_challenge_262_easy_maybenumeric/
4dwk7b,[2016-04-08] Challenge #261 [Hard] magic square dominoes,https://www.reddit.com/r/dailyprogrammer/comments/4dwk7b/20160408_challenge_261_hard_magic_square_dominoes/
4dmm44,[2016-04-06] Challenge #261 [Intermediate] rearranged magic squares,https://www.reddit.com/r/dailyprogrammer/comments/4dmm44/20160406_challenge_261_intermediate_rearranged/
4dccix,[2016-04-04] Challenge #261 [Easy] verifying 3x3 magic squares,https://www.reddit.com/r/dailyprogrammer/comments/4dccix/20160404_challenge_261_easy_verifying_3x3_magic/
4cw095,[2016-04-01] Challenge #260 [Hard] Never Ending Snake,https://www.reddit.com/r/dailyprogrammer/comments/4cw095/20160401_challenge_260_hard_never_ending_snake/
4cktc3,[2016-03-30] Challenge #260 [Intermediate] Diagonal collision,https://www.reddit.com/r/dailyprogrammer/comments/4cktc3/20160330_challenge_260_intermediate_diagonal/
4cb7eh,[2016-03-28] Challenge #260 [Easy] Garage Door Opener,https://www.reddit.com/r/dailyprogrammer/comments/4cb7eh/20160328_challenge_260_easy_garage_door_opener/
4bwibm,[2016-03-25] Challenge #259 [Hard] Operator number system,https://www.reddit.com/r/dailyprogrammer/comments/4bwibm/20160325_challenge_259_hard_operator_number_system/
4bmdwz,[2016-03-23] Challenge #259 [Intermediate] Mahjong Hands,https://www.reddit.com/r/dailyprogrammer/comments/4bmdwz/20160323_challenge_259_intermediate_mahjong_hands/
4bc3el,[2016-03-21] Challenge #259 [Easy] Clarence the Slow Typist,https://www.reddit.com/r/dailyprogrammer/comments/4bc3el/20160321_challenge_259_easy_clarence_the_slow/
4ad23z,[2016-03-14] Challenge #258 [Easy] IRC: Making a Connection,https://www.reddit.com/r/dailyprogrammer/comments/4ad23z/20160314_challenge_258_easy_irc_making_a/
49yv3p,[2016-03-11] Challenge #257 [Hard] Word Squares Part 2,https://www.reddit.com/r/dailyprogrammer/comments/49yv3p/20160311_challenge_257_hard_word_squares_part_2/
49o3ho,[2016-03-09] Challenge #257 [Intermediate] Word Squares Part 1,https://www.reddit.com/r/dailyprogrammer/comments/49o3ho/20160309_challenge_257_intermediate_word_squares/
49aatn,[2016-03-07] Challenge #257 [Easy] In what year were most presidents alive?,https://www.reddit.com/r/dailyprogrammer/comments/49aatn/20160307_challenge_257_easy_in_what_year_were/
48w88o,[2016-03-04] Challenge #256 [Hard] RLE Obsession,https://www.reddit.com/r/dailyprogrammer/comments/48w88o/20160304_challenge_256_hard_rle_obsession/
48l3u9,[2016-03-02] Challenge #256 [Intermediate] Guess my hat color,https://www.reddit.com/r/dailyprogrammer/comments/48l3u9/20160302_challenge_256_intermediate_guess_my_hat/
48a4pu,[2016-02-29] Challenge #256 [Easy] Oblique and De-Oblique,https://www.reddit.com/r/dailyprogrammer/comments/48a4pu/20160229_challenge_256_easy_oblique_and_deoblique/
47o4b6,[2016-02-26] Challenge #255 [Hard] Hacking a search engine,https://www.reddit.com/r/dailyprogrammer/comments/47o4b6/20160226_challenge_255_hard_hacking_a_search/
47docs,[2016-02-24] Challenge #255 [Intermediate] Ambiguous Bases,https://www.reddit.com/r/dailyprogrammer/comments/47docs/20160224_challenge_255_intermediate_ambiguous/
46zm8m,[2016-02-22] Challenge #255 [Easy] Playing with light switches,https://www.reddit.com/r/dailyprogrammer/comments/46zm8m/20160222_challenge_255_easy_playing_with_light/
46km7n,[2016-02-19] Challenge #254 [Hard] DNA Shotgun Sequencing,https://www.reddit.com/r/dailyprogrammer/comments/46km7n/20160219_challenge_254_hard_dna_shotgun_sequencing/
468pvf,[2016-02-17] Challenge #254 [Intermediate] Finding Legal Reversi Moves,https://www.reddit.com/r/dailyprogrammer/comments/468pvf/20160217_challenge_254_intermediate_finding_legal/
45w6ad,[2016-02-16] Challenge #254 [Easy] Atbash Cipher,https://www.reddit.com/r/dailyprogrammer/comments/45w6ad/20160216_challenge_254_easy_atbash_cipher/
45k70o,[2016-02-13] Challenge #253 [Hard] Working like a terminal,https://www.reddit.com/r/dailyprogrammer/comments/45k70o/20160213_challenge_253_hard_working_like_a/
452omr,[2016-02-10] Challenge #253 [Intermediate] Countdown (numbers game),https://www.reddit.com/r/dailyprogrammer/comments/452omr/20160210_challenge_253_intermediate_countdown/
44qzj5,[2016-02-08] Challenge #253 [Easy] Unconditional Loan Income,https://www.reddit.com/r/dailyprogrammer/comments/44qzj5/20160208_challenge_253_easy_unconditional_loan/
442mec,[2016-02-03] Challenge #252 [Intermediate] A challenge by Fogcreek - Find the hidden string,https://www.reddit.com/r/dailyprogrammer/comments/442mec/20160203_challenge_252_intermediate_a_challenge/
43ouxy,"[2016-02-01] Challenge #252 [Easy] Sailors and monkeys and coconuts, oh my!",https://www.reddit.com/r/dailyprogrammer/comments/43ouxy/20160201_challenge_252_easy_sailors_and_monkeys/
438zse,[2016-01-29] Challenge #251 [Hard] ASCII Nonogram,https://www.reddit.com/r/dailyprogrammer/comments/438zse/20160129_challenge_251_hard_ascii_nonogram/
42x90t,[2016-01-27] Challenge #251 [Hard] Solve a Nonogram + Bonus,https://www.reddit.com/r/dailyprogrammer/comments/42x90t/20160127_challenge_251_hard_solve_a_nonogram_bonus/
42lhem,[2016-01-25] Challenge #251 [Easy] Create Nonogram description,https://www.reddit.com/r/dailyprogrammer/comments/42lhem/20160125_challenge_251_easy_create_nonogram/
4248hz,[2016-01-22] Challenge #250 [Hard] Evolving salesmen,https://www.reddit.com/r/dailyprogrammer/comments/4248hz/20160122_challenge_250_hard_evolving_salesmen/
41tdzy,[2016-01-20] Challenge #250 [Intermediate] Self-descriptive numbers,https://www.reddit.com/r/dailyprogrammer/comments/41tdzy/20160120_challenge_250_intermediate/
41hp6u,[2016-01-18] Challenge #250 [Easy] Scraping /r/dailyprogrammer,https://www.reddit.com/r/dailyprogrammer/comments/41hp6u/20160118_challenge_250_easy_scraping/
41346z,[2016-01-15] Challenge #249 [Hard] Museum Cameras,https://www.reddit.com/r/dailyprogrammer/comments/41346z/20160115_challenge_249_hard_museum_cameras/
40rs67,[2016-01-13] Challenge #249 [Intermediate] Hello World Genetic or Evolutionary Algorithm,https://www.reddit.com/r/dailyprogrammer/comments/40rs67/20160113_challenge_249_intermediate_hello_world/
40h9pd,[2016-01-11] Challenge #249 [Easy] Playing the Stock Market,https://www.reddit.com/r/dailyprogrammer/comments/40h9pd/20160111_challenge_249_easy_playing_the_stock/
40035o,[2016-01-08] Challenge #248 [Hard] NotClick game,https://www.reddit.com/r/dailyprogrammer/comments/40035o/20160108_challenge_248_hard_notclick_game/
3zqiiq,[2016-01-06] Challenge #248 [Intermediate] A Measure of Edginess,https://www.reddit.com/r/dailyprogrammer/comments/3zqiiq/20160106_challenge_248_intermediate_a_measure_of/
3zfajl,[2016-01-04] Challenge #248 [Easy] Draw Me Like One Of Your Bitmaps,https://www.reddit.com/r/dailyprogrammer/comments/3zfajl/20160104_challenge_248_easy_draw_me_like_one_of/
3z1cxs,[2016-01-01] CHallenge #247 [Hard] Zombies on the highways!,https://www.reddit.com/r/dailyprogrammer/comments/3z1cxs/20160101_challenge_247_hard_zombies_on_the/
3ysdm2,[2015-12-30] Challenge #247 [Intermediate] Moving (diagonally) Up in Life,https://www.reddit.com/r/dailyprogrammer/comments/3ysdm2/20151230_challenge_247_intermediate_moving/
3yiy2d,[2015-12-28] Challenge #247 [Easy] Secret Santa,https://www.reddit.com/r/dailyprogrammer/comments/3yiy2d/20151228_challenge_247_easy_secret_santa/
3xdmtw,[2015-12-18] Challenge #245 [Hard] Guess Who(is)?,https://www.reddit.com/r/dailyprogrammer/comments/3xdmtw/20151218_challenge_245_hard_guess_whois/
3x3hqa,[2015-12-16] Challenge #245 [Intermediate] Ggggggg gggg Ggggg-ggggg!,https://www.reddit.com/r/dailyprogrammer/comments/3x3hqa/20151216_challenge_245_intermediate_ggggggg_gggg/
3wdm0w,[2015-12-09] Challenge #244 [Easy]er - Array language (part 3) - J Forks,https://www.reddit.com/r/dailyprogrammer/comments/3wdm0w/20151209_challenge_244_easyer_array_language_part/
3w324a,[2015-12-09] Challenge #244 [Intermediate] Higher order functions Array language (part 2),https://www.reddit.com/r/dailyprogrammer/comments/3w324a/20151209_challenge_244_intermediate_higher_order/
3vswuc,[2015-12-07] Challenge #244 [Intermediate] Turn any language into an Array language (part 1),https://www.reddit.com/r/dailyprogrammer/comments/3vswuc/20151207_challenge_244_intermediate_turn_any/
3vey01,[2015-12-04] Challenge #243 [Hard] New York Street Sweeper Paths,https://www.reddit.com/r/dailyprogrammer/comments/3vey01/20151204_challenge_243_hard_new_york_street/
3v4zsf,[2015-12-02] Challenge #243 [Intermediate] Jenny's Fruit Basket,https://www.reddit.com/r/dailyprogrammer/comments/3v4zsf/20151202_challenge_243_intermediate_jennys_fruit/
3uuhdk,[2015-11-30] Challenge #243 [Easy] Abundant and Deficient Numbers,https://www.reddit.com/r/dailyprogrammer/comments/3uuhdk/20151130_challenge_243_easy_abundant_and/
3snorf,[2015-11-13] Challenge #240 [Hard] KenKen Solver,https://www.reddit.com/r/dailyprogrammer/comments/3snorf/20151113_challenge_240_hard_kenken_solver/
3sd86k,[2015-11-11] Challenge #240 [Intermediate] Economic/Social modeling and queries,https://www.reddit.com/r/dailyprogrammer/comments/3sd86k/20151111_challenge_240_intermediate/
3s4nyq,[2015-11-09] Challenge #240 [Easy] Typoglycemia,https://www.reddit.com/r/dailyprogrammer/comments/3s4nyq/20151109_challenge_240_easy_typoglycemia/
3rrtxh,[2015-11-06] Challenge #239 [Hard] An Encoding of Threes,https://www.reddit.com/r/dailyprogrammer/comments/3rrtxh/20151106_challenge_239_hard_an_encoding_of_threes/
3rhzdj,[2015-11-04] Challenge #239 [Intermediate] A Zero-Sum Game of Threes,https://www.reddit.com/r/dailyprogrammer/comments/3rhzdj/20151104_challenge_239_intermediate_a_zerosum/
3r7wxz,[2015-11-02] Challenge #239 [Easy] A Game of Threes,https://www.reddit.com/r/dailyprogrammer/comments/3r7wxz/20151102_challenge_239_easy_a_game_of_threes/
3qtr01,[2015-10-30] Challenge #238 [Hard] Searching a Dungeon,https://www.reddit.com/r/dailyprogrammer/comments/3qtr01/20151030_challenge_238_hard_searching_a_dungeon/
3qjnil,[2015-10-28] Challenge #238 [Intermediate] Fallout Hacking Game,https://www.reddit.com/r/dailyprogrammer/comments/3qjnil/20151028_challenge_238_intermediate_fallout/
3q9vpn,[2015-10-26] Challenge #238 [Easy] Consonants and Vowels,https://www.reddit.com/r/dailyprogrammer/comments/3q9vpn/20151026_challenge_238_easy_consonants_and_vowels/
3pwf17,[2015-10-23] Challenge #237 [Hard] Takuzu Solver,https://www.reddit.com/r/dailyprogrammer/comments/3pwf17/20151023_challenge_237_hard_takuzu_solver/
3pnd3t,[2015-10-21] Challenge #237 [Intermediate] Heighmap of Boxes,https://www.reddit.com/r/dailyprogrammer/comments/3pnd3t/20151021_challenge_237_intermediate_heighmap_of/
3pcb3i,[2015-10-19] Challenge #237 [Easy] Broken Keyboard,https://www.reddit.com/r/dailyprogrammer/comments/3pcb3i/20151019_challenge_237_easy_broken_keyboard/
3oz82g,[2015-10-16] Challenge #236 [Hard] Balancing chemical equations,https://www.reddit.com/r/dailyprogrammer/comments/3oz82g/20151016_challenge_236_hard_balancing_chemical/
3opin7,[2015-10-14] Challenge #236 [Intermediate] Fibonacci-ish Sequence,https://www.reddit.com/r/dailyprogrammer/comments/3opin7/20151014_challenge_236_intermediate_fibonacciish/
3ofsyb,[2015-10-12] Challenge #236 [Easy] Random Bag System,https://www.reddit.com/r/dailyprogrammer/comments/3ofsyb/20151012_challenge_236_easy_random_bag_system/
3o36b6,[2015-10-09] Challenge #235 [Hard] Contiguous Chain Variation,https://www.reddit.com/r/dailyprogrammer/comments/3o36b6/20151009_challenge_235_hard_contiguous_chain/
3ntsni,[2015-10-07] Challenge #235 [Intermediate] Scoring a Bowling Game,https://www.reddit.com/r/dailyprogrammer/comments/3ntsni/20151007_challenge_235_intermediate_scoring_a/
3nkanm,[2015-10-05] Challenge #235 [Easy] Ruth-Aaron Pairs,https://www.reddit.com/r/dailyprogrammer/comments/3nkanm/20151005_challenge_235_easy_ruthaaron_pairs/
3n7xau,[2015-10-02] Challenge #234 [Hard] Kanoodle Solver,https://www.reddit.com/r/dailyprogrammer/comments/3n7xau/20151002_challenge_234_hard_kanoodle_solver/
3n55f3,[2015-09-30] Challenge #234 [Intermediate] Red Squiggles,https://www.reddit.com/r/dailyprogrammer/comments/3n55f3/20150930_challenge_234_intermediate_red_squiggles/
3moxid,[2015-09-28] Challenge #234 [Easy] Vampire Numbers,https://www.reddit.com/r/dailyprogrammer/comments/3moxid/20150928_challenge_234_easy_vampire_numbers/
3m2vvk,[2015-09-23] Challenge #233 [Intermediate] Game of Text Life,https://www.reddit.com/r/dailyprogrammer/comments/3m2vvk/20150923_challenge_233_intermediate_game_of_text/
3ltee2,[2015-09-21] Challenge #233 [Easy] The house that ASCII built,https://www.reddit.com/r/dailyprogrammer/comments/3ltee2/20150921_challenge_233_easy_the_house_that_ascii/
3lf3i2,[2015-09-18] Challenge #232 [Hard] Redistricting Voting Blocks,https://www.reddit.com/r/dailyprogrammer/comments/3lf3i2/20150918_challenge_232_hard_redistricting_voting/
3l61vx,[2015-09-16] Challenge #232 [Intermediate] Where Should Grandma's House Go?,https://www.reddit.com/r/dailyprogrammer/comments/3l61vx/20150916_challenge_232_intermediate_where_should/
3kx6oh,[2015-09-14] Challenge #232 [Easy] Palindromes,https://www.reddit.com/r/dailyprogrammer/comments/3kx6oh/20150914_challenge_232_easy_palindromes/
3kj1v9,[2015-09-11] Challenge #231 [Hard] Eight Husbands for Eight Sisters,https://www.reddit.com/r/dailyprogrammer/comments/3kj1v9/20150911_challenge_231_hard_eight_husbands_for/
3ke4l6,[2015-09-09] Challenge #231 [Intermediate] Set Game Solver,https://www.reddit.com/r/dailyprogrammer/comments/3ke4l6/20150909_challenge_231_intermediate_set_game/
3jz8tt,[2015-09-07] Challenge #213 [Easy] Cellular Automata: Rule 90,https://www.reddit.com/r/dailyprogrammer/comments/3jz8tt/20150907_challenge_213_easy_cellular_automata/
3jn6te,[2015-09-03] Challenge #230 [Hard] Logo De-compactification,https://www.reddit.com/r/dailyprogrammer/comments/3jn6te/20150903_challenge_230_hard_logo/
3jd72z,[2015-09-01] Challenge #230 [Intermediate] Word Compactification,https://www.reddit.com/r/dailyprogrammer/comments/3jd72z/20150901_challenge_230_intermediate_word/
3j3pvm,[2015-08-31] Challenge #230 [Easy] JSON treasure hunt,https://www.reddit.com/r/dailyprogrammer/comments/3j3pvm/20150831_challenge_230_easy_json_treasure_hunt/
3irzsi,[2015-08-28] Challenge #229 [Hard] Divisible by 7,https://www.reddit.com/r/dailyprogrammer/comments/3irzsi/20150828_challenge_229_hard_divisible_by_7/
3iimw3,[2015-08-26] Challenge #229 [Intermediate] Reverse Fizz Buzz,https://www.reddit.com/r/dailyprogrammer/comments/3iimw3/20150826_challenge_229_intermediate_reverse_fizz/
3i99w8,[2015-08-24] Challenge #229 [Easy] The Dottie Number,https://www.reddit.com/r/dailyprogrammer/comments/3i99w8/20150824_challenge_229_easy_the_dottie_number/
3hj4o2,[2015-08-19] Challenge #228 [Intermediate] Use a Web Service to Find Bitcoin Prices,https://www.reddit.com/r/dailyprogrammer/comments/3hj4o2/20150819_challenge_228_intermediate_use_a_web/
3h9pde,[2015-08-17] Challenge #228 [Easy] Letters in Alphabetical Order,https://www.reddit.com/r/dailyprogrammer/comments/3h9pde/20150817_challenge_228_easy_letters_in/
3h0uki,[2015-08-14] Challenge #227 [Hard] Adjacency Matrix Generator,https://www.reddit.com/r/dailyprogrammer/comments/3h0uki/20150814_challenge_227_hard_adjacency_matrix/
3gpjn3,[2015-08-12] Challenge #227 [Intermediate] Contiguous chains,https://www.reddit.com/r/dailyprogrammer/comments/3gpjn3/20150812_challenge_227_intermediate_contiguous/
3ggli3,[2015-08-10] Challenge #227 [Easy] Square Spirals,https://www.reddit.com/r/dailyprogrammer/comments/3ggli3/20150810_challenge_227_easy_square_spirals/
3g2tby,[2015-08-07] Challenge #226 [Hard] Kakuro Solver,https://www.reddit.com/r/dailyprogrammer/comments/3g2tby/20150807_challenge_226_hard_kakuro_solver/
3fva66,[2015-08-05] Challenge #226 [Intermediate] Connect Four,https://www.reddit.com/r/dailyprogrammer/comments/3fva66/20150805_challenge_226_intermediate_connect_four/
3fmke1,[2015-08-03] Challenge #226 [Easy] Adding fractions,https://www.reddit.com/r/dailyprogrammer/comments/3fmke1/20150803_challenge_226_easy_adding_fractions/
3f9o7k,[2015-07-31] Challenge #225 [Intermediate] Diagonal Maze,https://www.reddit.com/r/dailyprogrammer/comments/3f9o7k/20150731_challenge_225_intermediate_diagonal_maze/
3f0hzk,[2015-07-29] Challenge #225 [Intermediate] Estimating pi from images of circles,https://www.reddit.com/r/dailyprogrammer/comments/3f0hzk/20150729_challenge_225_intermediate_estimating_pi/
3esrkm,[2015-07-27] Challenge #225 [Easy/Intermediate] De-columnizing,https://www.reddit.com/r/dailyprogrammer/comments/3esrkm/20150727_challenge_225_easyintermediate/
3efbfh,[2015-07-24] Challenge #224 [Hard] Langford strings,https://www.reddit.com/r/dailyprogrammer/comments/3efbfh/20150724_challenge_224_hard_langford_strings/
3e5b0o,[2015-07-22] Challenge #224 [Intermediate] Detecting Four Sided Figures,https://www.reddit.com/r/dailyprogrammer/comments/3e5b0o/20150722_challenge_224_intermediate_detecting/
3e0hmh,[2015-07-20] Challenge #224 [Easy] Shuffling a List,https://www.reddit.com/r/dailyprogrammer/comments/3e0hmh/20150720_challenge_224_easy_shuffling_a_list/
3dl9wr,[2015-07-17] Challenge #223 [Hard] The Heighway dragon fractal,https://www.reddit.com/r/dailyprogrammer/comments/3dl9wr/20150717_challenge_223_hard_the_heighway_dragon/
3ddpms,[2015-07-15] Challenge #223 [Intermediate] Eel of Fortune,https://www.reddit.com/r/dailyprogrammer/comments/3ddpms/20150715_challenge_223_intermediate_eel_of_fortune/
3d4fwj,[2015-07-13] Challenge #223 [Easy] Garland words,https://www.reddit.com/r/dailyprogrammer/comments/3d4fwj/20150713_challenge_223_easy_garland_words/
3cqxuh,[2015-07-10] Challenge #222 [Hard] Customer Unit Delivery Scheduling,https://www.reddit.com/r/dailyprogrammer/comments/3cqxuh/20150710_challenge_222_hard_customer_unit/
3chvxy,[2015-07-08] Challenge #222 [Intermediate] Simple Stream Cipher,https://www.reddit.com/r/dailyprogrammer/comments/3chvxy/20150708_challenge_222_intermediate_simple_stream/
3c9a9h,[2015-07-06] Challenge #222 [Easy] Balancing Words,https://www.reddit.com/r/dailyprogrammer/comments/3c9a9h/20150706_challenge_222_easy_balancing_words/
3bzipa,[2015-07-03] Challenge #221 [Hard] Poetry in a haystack,https://www.reddit.com/r/dailyprogrammer/comments/3bzipa/20150703_challenge_221_hard_poetry_in_a_haystack/
3bqq7p,[2015-07-01] Challenge #221 [Intermediate] Unravelling a word snake,https://www.reddit.com/r/dailyprogrammer/comments/3bqq7p/20150701_challenge_221_intermediate_unravelling_a/
3bi5na,[2015-06-29] Challenge #221 [Easy] Word snake,https://www.reddit.com/r/dailyprogrammer/comments/3bi5na/20150629_challenge_221_easy_word_snake/
3b668g,[2015-06-26] Challenge #220 [Hard] Substitution Cryptanalysis,https://www.reddit.com/r/dailyprogrammer/comments/3b668g/20150626_challenge_220_hard_substitution/
3axjac,[2015-06-24] Challenge #220 [Intermediate] It's Go time!,https://www.reddit.com/r/dailyprogrammer/comments/3axjac/20150624_challenge_220_intermediate_its_go_time/
3aqvjn,[2015-06-22] Challenge #220 [Easy] Mangling sentences,https://www.reddit.com/r/dailyprogrammer/comments/3aqvjn/20150622_challenge_220_easy_mangling_sentences/
3aewlg,[2015-06-17] Challenge #219 [Hard] The Cave of Prosperity,https://www.reddit.com/r/dailyprogrammer/comments/3aewlg/20150617_challenge_219_hard_the_cave_of_prosperity/
3a64hq,[2015-06-17] Challenge #219 [Intermediate] To-do list (Part 2),https://www.reddit.com/r/dailyprogrammer/comments/3a64hq/20150617_challenge_219_intermediate_todo_list/
39ws1x,[2015-06-15] Challenge #218 [Easy] To-do list (Part 1),https://www.reddit.com/r/dailyprogrammer/comments/39ws1x/20150615_challenge_218_easy_todo_list_part_1/
39ixxi,[2015-06-12] Challenge #218 [Hard] Elevator Scheduling,https://www.reddit.com/r/dailyprogrammer/comments/39ixxi/20150612_challenge_218_hard_elevator_scheduling/
398mtv,[2015-06-10] Challenge #218 [Intermediate] Generating Polyominoes,https://www.reddit.com/r/dailyprogrammer/comments/398mtv/20150610_challenge_218_intermediate_generating/
38yy9s,[2015-06-08] Challenge #218 [Easy] Making numbers palindromic,https://www.reddit.com/r/dailyprogrammer/comments/38yy9s/20150608_challenge_218_easy_making_numbers/
38nhgx,[2015-06-05] Challenge #217 [Practical Exercise] TeXSCII,https://www.reddit.com/r/dailyprogrammer/comments/38nhgx/20150605_challenge_217_practical_exercise_texscii/
38fjll,[2015-06-03] Challenge #217 [Intermediate] Space Code Breaking,https://www.reddit.com/r/dailyprogrammer/comments/38fjll/20150603_challenge_217_intermediate_space_code/
3840rp,[2015-06-01] Challenge #217 [Easy] Lumberjack Pile Problem,https://www.reddit.com/r/dailyprogrammer/comments/3840rp/20150601_challenge_217_easy_lumberjack_pile/
37rasn,[2015-05-29] Challenge #216 [Hard] Texas Hold 'Em 3 of 3 All In,https://www.reddit.com/r/dailyprogrammer/comments/37rasn/20150529_challenge_216_hard_texas_hold_em_3_of_3/
37idka,[2015-05-27] Challenge #216 [Intermediate] Texas Hold 'Em 2 of 3 - Winning Hand & Know when to fold 'em,https://www.reddit.com/r/dailyprogrammer/comments/37idka/20150527_challenge_216_intermediate_texas_hold_em/
378h44,[2015-05-25] Challenge #216 [Easy] Texas Hold 'Em 1 of 3 - Let's deal.,https://www.reddit.com/r/dailyprogrammer/comments/378h44/20150525_challenge_216_easy_texas_hold_em_1_of_3/
36vuzm,[2015-05-22] Challenge #215 [Hard] Metaprogramming Madness!,https://www.reddit.com/r/dailyprogrammer/comments/36vuzm/20150522_challenge_215_hard_metaprogramming/
36m83a,[2015-05-20] Challenge #215 [Intermediate] Validating sorting networks,https://www.reddit.com/r/dailyprogrammer/comments/36m83a/20150520_challenge_215_intermediate_validating/
36cyxf,[2015-05-18] Challenge #215 [Easy] Sad Cycles,https://www.reddit.com/r/dailyprogrammer/comments/36cyxf/20150518_challenge_215_easy_sad_cycles/
3629st,"[2015-05-15] Challenge #214 [Hard] Chester, the greedy Pomeranian",https://www.reddit.com/r/dailyprogrammer/comments/3629st/20150515_challenge_214_hard_chester_the_greedy/
35s2ds,[2015-05-13] Challenge #214 [Intermediate] Pile of Paper,https://www.reddit.com/r/dailyprogrammer/comments/35s2ds/20150513_challenge_214_intermediate_pile_of_paper/
35l5eo,[2015-05-11] Challenge #214 [Easy] Calculating the standard deviation,https://www.reddit.com/r/dailyprogrammer/comments/35l5eo/20150511_challenge_214_easy_calculating_the/
358pfk,[2015-05-08] Challenge #213 [Hard] Stepstring discrepancy,https://www.reddit.com/r/dailyprogrammer/comments/358pfk/20150508_challenge_213_hard_stepstring_discrepancy/
351b0o,[2015-05-06] Challenge #213 [Intermediate] The Lazy Typist,https://www.reddit.com/r/dailyprogrammer/comments/351b0o/20150506_challenge_213_intermediate_the_lazy/
34rxkc,[2015-05-04] Challenge #213 [Easy] Pronouncing Hex,https://www.reddit.com/r/dailyprogrammer/comments/34rxkc/20150504_challenge_213_easy_pronouncing_hex/
34izkl,[2015-05-01] Challenge #212 [Hard] Reverse Maze Pathfinding,https://www.reddit.com/r/dailyprogrammer/comments/34izkl/20150501_challenge_212_hard_reverse_maze/
34asls,[2015-04-29] Challenge #212 [Intermediate] Animal Guess Game,https://www.reddit.com/r/dailyprogrammer/comments/34asls/20150429_challenge_212_intermediate_animal_guess/
341c03,[2015-04-27] Challenge #212 [Easy] Rövarspråket,https://www.reddit.com/r/dailyprogrammer/comments/341c03/20150427_challenge_212_easy_rövarspråket/
33ow0c,[2015-04-24] Challenge #211 [Hard] Hungry puppies,https://www.reddit.com/r/dailyprogrammer/comments/33ow0c/20150424_challenge_211_hard_hungry_puppies/
33hwwf,[2015-04-22] Challenge #211 [Intermediate] Ogre Maze,https://www.reddit.com/r/dailyprogrammer/comments/33hwwf/20150422_challenge_211_intermediate_ogre_maze/
338p28,[2015-04-20] Challenge #211 [Easy] The Name Game,https://www.reddit.com/r/dailyprogrammer/comments/338p28/20150420_challenge_211_easy_the_name_game/
32vlg8,[2015-04-17] Challenge #210 [Hard] Loopy Robots,https://www.reddit.com/r/dailyprogrammer/comments/32vlg8/20150417_challenge_210_hard_loopy_robots/
32o5je,[2015-04-15] Challenge #210 [Intermediate] Drawing a gradient,https://www.reddit.com/r/dailyprogrammer/comments/32o5je/20150415_challenge_210_intermediate_drawing_a/
32goj8,[2015-04-13] Challenge #210 [Easy] intHarmony.com,https://www.reddit.com/r/dailyprogrammer/comments/32goj8/20150413_challenge_210_easy_intharmonycom/
322hh0,[2015-04-10] Challenge #209 [Hard] Unpacking a Sentence in a Box,https://www.reddit.com/r/dailyprogrammer/comments/322hh0/20150410_challenge_209_hard_unpacking_a_sentence/
31thwb,[2015-04-08] Challenge #209 [Intermediate] Packing a Sentence in a Box,https://www.reddit.com/r/dailyprogrammer/comments/31thwb/20150408_challenge_209_intermediate_packing_a/
31ls3h,[2015-04-06] Challenge #209 [Easy] The Button can be pressed but once...,https://www.reddit.com/r/dailyprogrammer/comments/31ls3h/20150406_challenge_209_easy_the_button_can_be/
31aja8,[2015-04-03] Challenge #208 [Hard] The Universal Machine,https://www.reddit.com/r/dailyprogrammer/comments/31aja8/20150403_challenge_208_hard_the_universal_machine/
3104wu,[2015-04-01] Challenge #208 [Intermediate] ASCII Gradient Generator,https://www.reddit.com/r/dailyprogrammer/comments/3104wu/20150401_challenge_208_intermediate_ascii/
30ubcl,[2015-03-30] Challenge #208 [Easy] Culling Numbers,https://www.reddit.com/r/dailyprogrammer/comments/30ubcl/20150330_challenge_208_easy_culling_numbers/
30g454,[2015-03-27] Challenge #207 [Hard] Bioinformatics 3: Predicting Protein Secondary Structures,https://www.reddit.com/r/dailyprogrammer/comments/30g454/20150327_challenge_207_hard_bioinformatics_3/
30bquq,[2015-03-26] Challenge #207 [Bonus] Erdos Number Calculator,https://www.reddit.com/r/dailyprogrammer/comments/30bquq/20150326_challenge_207_bonus_erdos_number/
307m27,[2015-03-25] Challenge #207 [Intermediate] Bioinformatics 2: DNA Restriction Enzymes,https://www.reddit.com/r/dailyprogrammer/comments/307m27/20150325_challenge_207_intermediate/
2zyipu,[2015-03-23] Challenge #207 [Easy] Bioinformatics 1: DNA Replication,https://www.reddit.com/r/dailyprogrammer/comments/2zyipu/20150323_challenge_207_easy_bioinformatics_1_dna/
2zna5q,"[2014-03-20] Challenge #206 [Hard] Recurrence Relations, part 2",https://www.reddit.com/r/dailyprogrammer/comments/2zna5q/20140320_challenge_206_hard_recurrence_relations/
2zezvf,[2015-03-18] Challenge #206 [Intermediate] Maximizing Crop Irrigation,https://www.reddit.com/r/dailyprogrammer/comments/2zezvf/20150318_challenge_206_intermediate_maximizing/
2z68di,"[2015-03-16] Challenge #206 [Easy] Recurrence Relations, part 1",https://www.reddit.com/r/dailyprogrammer/comments/2z68di/20150316_challenge_206_easy_recurrence_relations/
2yx8b8,[2015-03-13] Challenge #205 [Hard] DNA and Protein Sequence Alignment,https://www.reddit.com/r/dailyprogrammer/comments/2yx8b8/20150313_challenge_205_hard_dna_and_protein/
2yquvm,[2015-03-11] Challenge #205 [Intermediate] RPN,https://www.reddit.com/r/dailyprogrammer/comments/2yquvm/20150311_challenge_205_intermediate_rpn/
2ygsxs,[2015-03-09] Challenge #205 [Easy] Friendly Date Ranges,https://www.reddit.com/r/dailyprogrammer/comments/2ygsxs/20150309_challenge_205_easy_friendly_date_ranges/
2y5ziw,[2015-03-06] Challenge #204 [Hard] Addition chains,https://www.reddit.com/r/dailyprogrammer/comments/2y5ziw/20150306_challenge_204_hard_addition_chains/
2xx86n,"[2015-03-02] Challenge #204 [Intermediate] It's like regular binary, only way more hype!",https://www.reddit.com/r/dailyprogrammer/comments/2xx86n/20150302_challenge_204_intermediate_its_like/
2xoxum,[2015-03-02] Challenge #204 [Easy] Remembering your lines,https://www.reddit.com/r/dailyprogrammer/comments/2xoxum/20150302_challenge_204_easy_remembering_your_lines/
2wbvuu,[2015-02-18] Challenge #202 [Intermediate] Easter Challenge,https://www.reddit.com/r/dailyprogrammer/comments/2wbvuu/20150218_challenge_202_intermediate_easter/
2w84hl,[2015-02-16] Challenge #202 [Easy] I AM BENDER. PLEASE INSERT GIRDER.,https://www.reddit.com/r/dailyprogrammer/comments/2w84hl/20150216_challenge_202_easy_i_am_bender_please/
2vs1c6,[2015-02-13] Challenge #201 [Hard] Mission Improbable,https://www.reddit.com/r/dailyprogrammer/comments/2vs1c6/20150213_challenge_201_hard_mission_improbable/
2vkwgb,[2015-02-11] Challenge #201 [Practical Exercise] Get Your Priorities Right!,https://www.reddit.com/r/dailyprogrammer/comments/2vkwgb/20150211_challenge_201_practical_exercise_get/
2vc5xq,[2015-02-09] Challenge #201 [Easy] Counting the Days until...,https://www.reddit.com/r/dailyprogrammer/comments/2vc5xq/20150209_challenge_201_easy_counting_the_days/
2v0tx4,[2015-02-06] Challenge #200 [Hard] Box in a Box,https://www.reddit.com/r/dailyprogrammer/comments/2v0tx4/20150206_challenge_200_hard_box_in_a_box/
2uo3yf,[2015-02-04] Challenge #200 [Intermediate] Metro Tile Meltdown,https://www.reddit.com/r/dailyprogrammer/comments/2uo3yf/20150204_challenge_200_intermediate_metro_tile/
2ug3hx,[2015-02-02] Challenge #200 [Easy] Flood-Fill,https://www.reddit.com/r/dailyprogrammer/comments/2ug3hx/20150202_challenge_200_easy_floodfill/
2tfs0b,[2015-01-23] Challenge #198 [Hard] Words with Enemies -- The Game!,https://www.reddit.com/r/dailyprogrammer/comments/2tfs0b/20150123_challenge_198_hard_words_with_enemies/
2t3m7j,[2015-01-21] Challenge #198 [Intermediate] Base-Negative Numbers,https://www.reddit.com/r/dailyprogrammer/comments/2t3m7j/20150121_challenge_198_intermediate_basenegative/
2syz7y,[2015-01-19] Challenge #198 [Easy] Words with Enemies,https://www.reddit.com/r/dailyprogrammer/comments/2syz7y/20150119_challenge_198_easy_words_with_enemies/
2snhei,[2015-01-16] Challenge #197 [Hard] Crazy Professor,https://www.reddit.com/r/dailyprogrammer/comments/2snhei/20150116_challenge_197_hard_crazy_professor/
2sfs8f,[2015-01-14] Challenge #197 [Intermediate] Food Delivery Problem,https://www.reddit.com/r/dailyprogrammer/comments/2sfs8f/20150114_challenge_197_intermediate_food_delivery/
2s7ezp,[2015-01-12] Challenge #197 [Easy] ISBN Validator,https://www.reddit.com/r/dailyprogrammer/comments/2s7ezp/20150112_challenge_197_easy_isbn_validator/
2rye5u,[2015-01-10] Challenge #196 [Hard] Precedence Parsing,https://www.reddit.com/r/dailyprogrammer/comments/2rye5u/20150110_challenge_196_hard_precedence_parsing/
2rnwzf,[2015-01-07] Challenge #196 [Intermediate] Rail Fence Cipher,https://www.reddit.com/r/dailyprogrammer/comments/2rnwzf/20150107_challenge_196_intermediate_rail_fence/
2rfae0,[2015-01-05] Challenge #196 [Practical Exercise] Ready... set... set!,https://www.reddit.com/r/dailyprogrammer/comments/2rfae0/20150105_challenge_196_practical_exercise_ready/
2r4wal,[2015-01-02] Challenge #195 [All] 2015 Prep Work,https://www.reddit.com/r/dailyprogrammer/comments/2r4wal/20150102_challenge_195_all_2015_prep_work/
2qxrtk,[2014-12-31] Challenge #195 [Intermediate] Math Dice,https://www.reddit.com/r/dailyprogrammer/comments/2qxrtk/20141231_challenge_195_intermediate_math_dice/
2qmz12,[2014-12-28] Challenge #195 [Easy] Symbolic Link Resolution,https://www.reddit.com/r/dailyprogrammer/comments/2qmz12/20141228_challenge_195_easy_symbolic_link/
2q2xnc,[2014-12-22] Challenge #194 [Easy] Destringification,https://www.reddit.com/r/dailyprogrammer/comments/2q2xnc/20141222_challenge_194_easy_destringification/
2ptrmp,[2014-12-19] Challenge #193 [Easy] Acronym Expander,https://www.reddit.com/r/dailyprogrammer/comments/2ptrmp/20141219_challenge_193_easy_acronym_expander/
2peac9,"[2014-12-15] Challenge #193 [Easy] A Cube, Ball, Cylinder, Cone walk into a warehouse",https://www.reddit.com/r/dailyprogrammer/comments/2peac9/20141215_challenge_193_easy_a_cube_ball_cylinder/
2p4b72,[2014-12-12] Challenge #192 [Hard] Project: Web mining,https://www.reddit.com/r/dailyprogrammer/comments/2p4b72/20141212_challenge_192_hard_project_web_mining/
2ovt2i,[2014-12-10] Challenge #192 [Intermediate] Markov Chain Error Detection,https://www.reddit.com/r/dailyprogrammer/comments/2ovt2i/20141210_challenge_192_intermediate_markov_chain/
2nr6c4,[2014-11-29] Challenge #190 [Practical Exercise] The Complex Number,https://www.reddit.com/r/dailyprogrammer/comments/2nr6c4/20141129_challenge_190_practical_exercise_the/
2nihz6,[2014-11-26] Challenge #190 [Intermediate] Words inside of words,https://www.reddit.com/r/dailyprogrammer/comments/2nihz6/20141126_challenge_190_intermediate_words_inside/
2nauiv,[2014-11-24] Challenge #190 [Easy] Webscraping sentiments,https://www.reddit.com/r/dailyprogrammer/comments/2nauiv/20141124_challenge_190_easy_webscraping_sentiments/
2n11w8,[2014-11-21] Challenge #189 [Hard] Write a Quine,https://www.reddit.com/r/dailyprogrammer/comments/2n11w8/20141121_challenge_189_hard_write_a_quine/
2ms946,[2014-11-19] Challenge #189 [Intermediate] Roman Numeral Conversion,https://www.reddit.com/r/dailyprogrammer/comments/2ms946/20141119_challenge_189_intermediate_roman_numeral/
2mlfxp,[2014-11-17] Challenge #189 [Easy] Hangman!,https://www.reddit.com/r/dailyprogrammer/comments/2mlfxp/20141117_challenge_189_easy_hangman/
2m82yz,"[2014-11-14] Challenge #188 [Hard] Arrows and Arrows, part 1",https://www.reddit.com/r/dailyprogrammer/comments/2m82yz/20141114_challenge_188_hard_arrows_and_arrows/
2m48nn,[2014-11-12] Challenge #188 [Intermediate] Box Plot Generator,https://www.reddit.com/r/dailyprogrammer/comments/2m48nn/20141112_challenge_188_intermediate_box_plot/
2lvgz6,[2014-11-10] Challenge #188 [Easy] yyyy-mm-dd,https://www.reddit.com/r/dailyprogrammer/comments/2lvgz6/20141110_challenge_188_easy_yyyymmdd/
